Candidate	Score
Solution 1	0.9955465938 [0.994818316113-0.996274871466]
Solution 2	0.9957836768 [0.995057677965-0.996509675550]
Solution 3	0.9957798607 [0.995053704226-0.996506017228]
Solution 4	0.9955470127 [0.994818752190-0.996275273228]
Solution 5	0.9955470127 [0.994818752190-0.996275273228]
Solution 6	0.9956267223 [0.994899797666-0.996353646924]
Solution 7	0.9957880602 [0.995062094601-0.996514025719]
Solution 8	0.9956267223 [0.994899797666-0.996353646924]
Solution 9	0.9956287467 [0.994901753245-0.996355740221]
Solution 10	0.9957880602 [0.995062094601-0.996514025719]
Solution 11	0.9958041001 [0.995078375862-0.996529824330]
Solution 12	0.9957845156 [0.995058397213-0.996510634014]
Solution 13	0.9957880602 [0.995062094601-0.996514025719]
Solution 14	0.9934035403 [0.992488154014-0.994318926685]
Solution 15	0.9944068910 [0.993500565021-0.995313216949]
Solution 16	0.9957880602 [0.995062094601-0.996514025719]
Solution 17	0.9957880602 [0.995062094601-0.996514025719]
Solution 18	0.9957880602 [0.995062094601-0.996514025719]
Solution 19	0.9958041001 [0.995078375862-0.996529824330]
Solution 20	0.9957845156 [0.995058397213-0.996510634014]
Solution 21	0.9957845156 [0.995058397213-0.996510634014]
Solution 22	0.9958041001 [0.995078375862-0.996529824330]
Solution 23	0.9957845156 [0.995058397213-0.996510634014]
Solution 24	0.9957845156 [0.995058397213-0.996510634014]
Solution 25	0.9957845156 [0.995058397213-0.996510634014]
Solution 26	0.9934035403 [0.992488154014-0.994318926685]
Solution 27	0.9934131277 [0.992497809417-0.994328445997]
Solution 28	0.9933992444 [0.992483779049-0.994314709736]
Solution 29	0.9933992444 [0.992483779049-0.994314709736]
Solution 30	0.9933992444 [0.992483779049-0.994314709736]
Solution 31	0.9944068910 [0.993500565021-0.995313216949]
Solution 32	0.9944168871 [0.993510610950-0.995323163238]
Solution 33	0.9944034837 [0.993497039855-0.995309927558]
Solution 34	0.9944034837 [0.993497039855-0.995309927558]
Solution 35	0.9944034837 [0.993497039855-0.995309927558]
Solution 36	0.9953077630 [0.994576066074-0.996039459827]
Solution 37	0.9949144383 [0.994173711814-0.995655164771]
Solution 38	0.9955018955 [0.994772724314-0.996231066675]
Solution 39	0.9953657630 [0.994632214026-0.996099311881]
Solution 40	0.9955018955 [0.994772724314-0.996231066675]
Solution 41	0.9955018955 [0.994772724314-0.996231066675]
Solution 42	0.9941129560 [0.993204180797-0.995021731152]
Solution 43	0.9953657630 [0.994632214026-0.996099311881]
Solution 44	0.9953657630 [0.994632214026-0.996099311881]
Solution 45	0.9953081819 [0.994576502105-0.996039861635]
Solution 46	0.9953761627 [0.994645575928-0.996106749531]
Solution 47	0.9951860313 [0.994452850971-0.995919211575]
Solution 48	0.9949148572 [0.994174147536-0.995655566887]
Solution 49	0.9949889246 [0.994249380579-0.995728468630]
Solution 50	0.9948065635 [0.994064599217-0.995548527768]
Solution 51	0.9944254200 [0.993672755441-0.995178084629]
Solution 52	0.9955023144 [0.994773160358-0.996231468469]
Solution 53	0.9955817342 [0.994853914407-0.996309554021]
Solution 54	0.9952834778 [0.994551423023-0.996015532629]
Solution 55	0.9957277592 [0.995000835406-0.996454682895]
Solution 56	0.9954648028 [0.994735107139-0.996194498509]
Solution 57	0.9953661819 [0.994632649934-0.996099713812]
Solution 58	0.9954495692 [0.994717539973-0.996181598439]
Solution 59	0.9951590832 [0.994422923491-0.995895242835]
Solution 60	0.9956018515 [0.994870562114-0.996333140880]
Solution 61	0.9953466655 [0.994612754284-0.996080576747]
Solution 62	0.9948201845 [0.994076849806-0.995563519143]
Solution 63	0.9952690404 [0.994532809428-0.996005271288]
Solution 64	0.9955023144 [0.994773160358-0.996231468469]
Solution 65	0.9955023144 [0.994773160358-0.996231468469]
Solution 66	0.9941133749 [0.993204613169-0.995022136620]
Solution 67	0.9955817342 [0.994853914407-0.996309554021]
Solution 68	0.9952834778 [0.994551423023-0.996015532629]
Solution 69	0.9957277592 [0.995000835406-0.996454682895]
Solution 70	0.9957277592 [0.995000835406-0.996454682895]
Solution 71	0.9954648028 [0.994735107139-0.996194498509]
Solution 72	0.9954648028 [0.994735107139-0.996194498509]
Solution 73	0.9955817342 [0.994853914407-0.996309554021]
Solution 74	0.9952834778 [0.994551423023-0.996015532629]
Solution 75	0.9957277592 [0.995000835406-0.996454682895]
Solution 76	0.9957277592 [0.995000835406-0.996454682895]
Solution 77	0.9954648028 [0.994735107139-0.996194498509]
Solution 78	0.9954648028 [0.994735107139-0.996194498509]
Solution 79	0.9957277592 [0.995000835406-0.996454682895]
Solution 80	0.9954648028 [0.994735107139-0.996194498509]
Solution 81	0.9941867509 [0.993278873997-0.995094627736]
Solution 82	0.9939217406 [0.993011020211-0.994832461019]
Solution 83	0.9943389569 [0.993431848460-0.995246065336]
Solution 84	0.9943389569 [0.993431848460-0.995246065336]
Solution 85	0.9941092467 [0.993200431742-0.995018061673]
Solution 86	0.9941092467 [0.993200431742-0.995018061673]
Solution 87	0.9943389569 [0.993431848460-0.995246065336]
Solution 88	0.9941092467 [0.993200431742-0.995018061673]
Solution 89	0.9953661819 [0.994632649934-0.996099713812]
Solution 90	0.9953661819 [0.994632649934-0.996099713812]
Solution 91	0.9954495692 [0.994717539973-0.996181598439]
Solution 92	0.9951590832 [0.994422923491-0.995895242835]
Solution 93	0.9956018515 [0.994870562114-0.996333140880]
Solution 94	0.9956018515 [0.994870562114-0.996333140880]
Solution 95	0.9953466655 [0.994612754284-0.996080576747]
Solution 96	0.9953466655 [0.994612754284-0.996080576747]
Solution 97	0.9948201845 [0.994076849806-0.995563519143]
Solution 98	0.9952690404 [0.994532809428-0.996005271288]
Solution 99	0.9952690404 [0.994532809428-0.996005271288]
Solution 100	0.9954495692 [0.994717539973-0.996181598439]
Solution 101	0.9951590832 [0.994422923491-0.995895242835]
Solution 102	0.9956018515 [0.994870562114-0.996333140880]
Solution 103	0.9956018515 [0.994870562114-0.996333140880]
Solution 104	0.9953466655 [0.994612754284-0.996080576747]
Solution 105	0.9953466655 [0.994612754284-0.996080576747]
Solution 106	0.9948201845 [0.994076849806-0.995563519143]
Solution 107	0.9952690404 [0.994532809428-0.996005271288]
Solution 108	0.9952690404 [0.994532809428-0.996005271288]
Solution 109	0.9956018515 [0.994870562114-0.996333140880]
Solution 110	0.9953466655 [0.994612754284-0.996080576747]
Solution 111	0.9952690404 [0.994532809428-0.996005271288]
Solution 112	0.9957836768 [0.995057677965-0.996509675550]
Solution 113	0.9957836768 [0.995057677965-0.996509675550]
Solution 114	0.9957836768 [0.995057677965-0.996509675550]
Solution 115	0.9944027425 [0.993496393685-0.995309091240]
Solution 116	0.9934031570 [0.992487766429-0.994318547608]
Solution 117	0.9957836768 [0.995057677965-0.996509675550]
Solution 118	0.9958038469 [0.995078118229-0.996529575599]
Solution 119	0.9957842573 [0.995058134381-0.996510380314]
Solution 120	0.9957798607 [0.995053704226-0.996506017228]
Solution 121	0.9957836768 [0.995057677965-0.996509675550]
Solution 122	0.9957836768 [0.995057677965-0.996509675550]
Solution 123	0.9944027425 [0.993496393685-0.995309091240]
Solution 124	0.9934031570 [0.992487766429-0.994318547608]
Solution 125	0.9958038469 [0.995078118229-0.996529575599]
Solution 126	0.9957842573 [0.995058134381-0.996510380314]
Solution 127	0.9957842573 [0.995058134381-0.996510380314]
Solution 128	0.9957798607 [0.995053704226-0.996506017228]
Solution 129	0.9957798607 [0.995053704226-0.996506017228]
Solution 130	0.9958038469 [0.995078118229-0.996529575599]
Solution 131	0.9957842573 [0.995058134381-0.996510380314]
Solution 132	0.9957842573 [0.995058134381-0.996510380314]
Solution 133	0.9957798607 [0.995053704226-0.996506017228]
Solution 134	0.9957798607 [0.995053704226-0.996506017228]
Solution 135	0.9957842573 [0.995058134381-0.996510380314]
Solution 136	0.9957798607 [0.995053704226-0.996506017228]
Solution 137	0.9944166339 [0.993510354358-0.995322913466]
Solution 138	0.9944032254 [0.993496778089-0.995309672791]
Solution 139	0.9944032254 [0.993496778089-0.995309672791]
Solution 140	0.9943990637 [0.993492593302-0.995305534097]
Solution 141	0.9943990637 [0.993492593302-0.995305534097]
Solution 142	0.9944032254 [0.993496778089-0.995309672791]
Solution 143	0.9943990637 [0.993492593302-0.995305534097]
Solution 144	0.9934130433 [0.992497723113-0.994328363513]
Solution 145	0.9933991549 [0.992483687520-0.994314622309]
Solution 146	0.9933991549 [0.992483687520-0.994314622309]
Solution 147	0.9933987584 [0.992483286413-0.994314230316]
Solution 148	0.9933987584 [0.992483286413-0.994314230316]
Solution 149	0.9933991549 [0.992483687520-0.994314622309]
Solution 150	0.9933987584 [0.992483286413-0.994314230316]
Solution 151	0.9954960652 [0.994766817193-0.996225313194]
Solution 152	0.9953539671 [0.994620231186-0.996087703051]
Solution 153	0.9954960652 [0.994766817193-0.996225313194]
Solution 154	0.9954960652 [0.994766817193-0.996225313194]
Solution 155	0.9941073606 [0.993198529499-0.995016191608]
Solution 156	0.9953539671 [0.994620231186-0.996087703051]
Solution 157	0.9953539671 [0.994620231186-0.996087703051]
Solution 158	0.9954964841 [0.994767253250-0.996225714976]
Solution 159	0.9955777158 [0.994849862459-0.996305569223]
Solution 160	0.9957237357 [0.994996780418-0.996450690969]
Solution 161	0.9957178922 [0.994990865204-0.996444919145]
Solution 162	0.9952780126 [0.994545881828-0.996010143282]
Solution 163	0.9954593325 [0.994729564101-0.996189100836]
Solution 164	0.9954486470 [0.994718781115-0.996178512831]
Solution 165	0.9953543860 [0.994620667101-0.996088104974]
Solution 166	0.9954453160 [0.994713252334-0.996177379573]
Solution 167	0.9955975932 [0.994866271544-0.996328914777]
Solution 168	0.9955857841 [0.994854279571-0.996317288644]
Solution 169	0.9951533830 [0.994417145756-0.995889620268]
Solution 170	0.9948085188 [0.994064996736-0.995552040841]
Solution 171	0.9953409603 [0.994606974797-0.996074945764]
Solution 172	0.9953243093 [0.994590118725-0.996058499776]
Solution 173	0.9952573696 [0.994520954382-0.995993784795]
Solution 174	0.9952384430 [0.994501724508-0.995975161436]
Solution 175	0.9954964841 [0.994767253250-0.996225714976]
Solution 176	0.9954964841 [0.994767253250-0.996225714976]
Solution 177	0.9941077795 [0.993198961881-0.995016597065]
Solution 178	0.9955777158 [0.994849862459-0.996305569223]
Solution 179	0.9957237357 [0.994996780418-0.996450690969]
Solution 180	0.9957237357 [0.994996780418-0.996450690969]
Solution 181	0.9957178922 [0.994990865204-0.996444919145]
Solution 182	0.9957178922 [0.994990865204-0.996444919145]
Solution 183	0.9952780126 [0.994545881828-0.996010143282]
Solution 184	0.9954593325 [0.994729564101-0.996189100836]
Solution 185	0.9954593325 [0.994729564101-0.996189100836]
Solution 186	0.9954486470 [0.994718781115-0.996178512831]
Solution 187	0.9954486470 [0.994718781115-0.996178512831]
Solution 188	0.9955777158 [0.994849862459-0.996305569223]
Solution 189	0.9957237357 [0.994996780418-0.996450690969]
Solution 190	0.9957237357 [0.994996780418-0.996450690969]
Solution 191	0.9957178922 [0.994990865204-0.996444919145]
Solution 192	0.9957178922 [0.994990865204-0.996444919145]
Solution 193	0.9952780126 [0.994545881828-0.996010143282]
Solution 194	0.9954593325 [0.994729564101-0.996189100836]
Solution 195	0.9954593325 [0.994729564101-0.996189100836]
Solution 196	0.9954486470 [0.994718781115-0.996178512831]
Solution 197	0.9954486470 [0.994718781115-0.996178512831]
Solution 198	0.9957237357 [0.994996780418-0.996450690969]
Solution 199	0.9957178922 [0.994990865204-0.996444919145]
Solution 200	0.9954593325 [0.994729564101-0.996189100836]
Solution 201	0.9954486470 [0.994718781115-0.996178512831]
Solution 202	0.9941827325 [0.993274831062-0.995090633926]
Solution 203	0.9943349334 [0.993427802085-0.995242064798]
Solution 204	0.9943349334 [0.993427802085-0.995242064798]
Solution 205	0.9943293248 [0.993422141799-0.995236507805]
Solution 206	0.9943293248 [0.993422141799-0.995236507805]
Solution 207	0.9939162753 [0.993005497593-0.994827053094]
Solution 208	0.9941037764 [0.993194906708-0.995012645997]
Solution 209	0.9941037764 [0.993194906708-0.995012645997]
Solution 210	0.9940933257 [0.993184387314-0.995002264159]
Solution 211	0.9940933257 [0.993184387314-0.995002264159]
Solution 212	0.9943349334 [0.993427802085-0.995242064798]
Solution 213	0.9943293248 [0.993422141799-0.995236507805]
Solution 214	0.9941037764 [0.993194906708-0.995012645997]
Solution 215	0.9940933257 [0.993184387314-0.995002264159]
Solution 216	0.9953543860 [0.994620667101-0.996088104974]
Solution 217	0.9953543860 [0.994620667101-0.996088104974]
Solution 218	0.9954453160 [0.994713252334-0.996177379573]
Solution 219	0.9955975932 [0.994866271544-0.996328914777]
Solution 220	0.9955975932 [0.994866271544-0.996328914777]
Solution 221	0.9955857841 [0.994854279571-0.996317288644]
Solution 222	0.9955857841 [0.994854279571-0.996317288644]
Solution 223	0.9951533830 [0.994417145756-0.995889620268]
Solution 224	0.9948085188 [0.994064996736-0.995552040841]
Solution 225	0.9953409603 [0.994606974797-0.996074945764]
Solution 226	0.9953409603 [0.994606974797-0.996074945764]
Solution 227	0.9953243093 [0.994590118725-0.996058499776]
Solution 228	0.9953243093 [0.994590118725-0.996058499776]
Solution 229	0.9952573696 [0.994520954382-0.995993784795]
Solution 230	0.9952573696 [0.994520954382-0.995993784795]
Solution 231	0.9952384430 [0.994501724508-0.995975161436]
Solution 232	0.9952384430 [0.994501724508-0.995975161436]
Solution 233	0.9954453160 [0.994713252334-0.996177379573]
Solution 234	0.9951533830 [0.994417145756-0.995889620268]
Solution 235	0.9948085188 [0.994064996736-0.995552040841]
Solution 236	0.9955975932 [0.994866271544-0.996328914777]
Solution 237	0.9953409603 [0.994606974797-0.996074945764]
Solution 238	0.9952573696 [0.994520954382-0.995993784795]
Solution 239	0.9955857841 [0.994854279571-0.996317288644]
Solution 240	0.9953243093 [0.994590118725-0.996058499776]
Solution 241	0.9952384430 [0.994501724508-0.995975161436]
Solution 242	0.9955975932 [0.994866271544-0.996328914777]
Solution 243	0.9953409603 [0.994606974797-0.996074945764]
Solution 244	0.9952573696 [0.994520954382-0.995993784795]
Solution 245	0.9955857841 [0.994854279571-0.996317288644]
Solution 246	0.9953243093 [0.994590118725-0.996058499776]
Solution 247	0.9952384430 [0.994501724508-0.995975161436]
Solution 248	0.9955975932 [0.994866271544-0.996328914777]
Solution 249	0.9953409603 [0.994606974797-0.996074945764]
Solution 250	0.9952573696 [0.994520954382-0.995993784795]
Solution 251	0.9955857841 [0.994854279571-0.996317288644]
Solution 252	0.9953243093 [0.994590118725-0.996058499776]
Solution 253	0.9952384430 [0.994501724508-0.995975161436]
Solution 254	0.9957836768 [0.995057677965-0.996509675550]
Solution 255	0.9958038469 [0.995078118229-0.996529575599]
Solution 256	0.9957842573 [0.995058134381-0.996510380314]
Solution 257	0.9957842573 [0.995058134381-0.996510380314]
Solution 258	0.9957842573 [0.995058134381-0.996510380314]
Solution 259	0.9933991549 [0.992483687520-0.994314622309]
Solution 260	0.9944032254 [0.993496778089-0.995309672791]
Solution 261	0.9955777158 [0.994849862459-0.996305569223]
Solution 262	0.9957237357 [0.994996780418-0.996450690969]
Solution 263	0.9954453160 [0.994713252334-0.996177379573]
Solution 264	0.9955975932 [0.994866271544-0.996328914777]
Solution 265	0.9957237357 [0.994996780418-0.996450690969]
Solution 266	0.9957237357 [0.994996780418-0.996450690969]
Solution 267	0.9943349334 [0.993427802085-0.995242064798]
Solution 268	0.9955975932 [0.994866271544-0.996328914777]
Solution 269	0.9955975932 [0.994866271544-0.996328914777]
Solution 270	0.9957798607 [0.995053704226-0.996506017228]
Solution 271	0.9957798607 [0.995053704226-0.996506017228]
Solution 272	0.9957798607 [0.995053704226-0.996506017228]
Solution 273	0.9933987584 [0.992483286413-0.994314230316]
Solution 274	0.9943990637 [0.993492593302-0.995305534097]
Solution 275	0.9957178922 [0.994990865204-0.996444919145]
Solution 276	0.9955857841 [0.994854279571-0.996317288644]
Solution 277	0.9957178922 [0.994990865204-0.996444919145]
Solution 278	0.9957178922 [0.994990865204-0.996444919145]
Solution 279	0.9943293248 [0.993422141799-0.995236507805]
Solution 280	0.9955857841 [0.994854279571-0.996317288644]
Solution 281	0.9955857841 [0.994854279571-0.996317288644]
Solution 282	0.9955465938 [0.994818316113-0.996274871466]
Solution 283	0.9955465938 [0.994818316113-0.996274871466]
Solution 284	0.9955465938 [0.994818316113-0.996274871466]
Solution 285	0.9934017071 [0.992486397379-0.994317016759]
Solution 286	0.9941756495 [0.993267663025-0.995083635979]
Solution 287	0.9955470127 [0.994818752190-0.996275273228]
Solution 288	0.9955470127 [0.994818752190-0.996275273228]
Solution 289	0.9956267223 [0.994899797666-0.996353646924]
Solution 290	0.9957880602 [0.995062094601-0.996514025719]
Solution 291	0.9957836768 [0.995057677965-0.996509675550]
Solution 292	0.9956267223 [0.994899797666-0.996353646924]
Solution 293	0.9956287467 [0.994901753245-0.996355740221]
Solution 294	0.9957880602 [0.995062094601-0.996514025719]
Solution 295	0.9957836768 [0.995057677965-0.996509675550]
Solution 296	0.9958041001 [0.995078375862-0.996529824330]
Solution 297	0.9957845156 [0.995058397213-0.996510634014]
Solution 298	0.9958038469 [0.995078118229-0.996529575599]
Solution 299	0.9957842573 [0.995058134381-0.996510380314]
Solution 300	0.9957798607 [0.995053704226-0.996506017228]
Solution 301	0.9955470127 [0.994818752190-0.996275273228]
Solution 302	0.9955470127 [0.994818752190-0.996275273228]
Solution 303	0.9955470127 [0.994818752190-0.996275273228]
Solution 304	0.9955470127 [0.994818752190-0.996275273228]
Solution 305	0.9934017071 [0.992486397379-0.994317016759]
Solution 306	0.9934017071 [0.992486397379-0.994317016759]
Solution 307	0.9941760684 [0.993268095421-0.995084041422]
Solution 308	0.9941760684 [0.993268095421-0.995084041422]
Solution 309	0.9956267223 [0.994899797666-0.996353646924]
Solution 310	0.9957880602 [0.995062094601-0.996514025719]
Solution 311	0.9957880602 [0.995062094601-0.996514025719]
Solution 312	0.9956267223 [0.994899797666-0.996353646924]
Solution 313	0.9957880602 [0.995062094601-0.996514025719]
Solution 314	0.9957880602 [0.995062094601-0.996514025719]
Solution 315	0.9957880602 [0.995062094601-0.996514025719]
Solution 316	0.9956267223 [0.994899797666-0.996353646924]
Solution 317	0.9957880602 [0.995062094601-0.996514025719]
Solution 318	0.9957880602 [0.995062094601-0.996514025719]
Solution 319	0.9956267223 [0.994899797666-0.996353646924]
Solution 320	0.9957880602 [0.995062094601-0.996514025719]
Solution 321	0.9957880602 [0.995062094601-0.996514025719]
Solution 322	0.9957880602 [0.995062094601-0.996514025719]
Solution 323	0.9957836768 [0.995057677965-0.996509675550]
Solution 324	0.9957836768 [0.995057677965-0.996509675550]
Solution 325	0.9957836768 [0.995057677965-0.996509675550]
Solution 326	0.9957836768 [0.995057677965-0.996509675550]
Solution 327	0.9957836768 [0.995057677965-0.996509675550]
Solution 328	0.9957836768 [0.995057677965-0.996509675550]
Solution 329	0.9957836768 [0.995057677965-0.996509675550]
Solution 330	0.9957836768 [0.995057677965-0.996509675550]
Solution 331	0.9957836768 [0.995057677965-0.996509675550]
Solution 332	0.9957836768 [0.995057677965-0.996509675550]
Solution 333	0.9956287467 [0.994901753245-0.996355740221]
Solution 334	0.9956287467 [0.994901753245-0.996355740221]
Solution 335	0.9958041001 [0.995078375862-0.996529824330]
Solution 336	0.9958041001 [0.995078375862-0.996529824330]
Solution 337	0.9958041001 [0.995078375862-0.996529824330]
Solution 338	0.9958041001 [0.995078375862-0.996529824330]
Solution 339	0.9958041001 [0.995078375862-0.996529824330]
Solution 340	0.9958038469 [0.995078118229-0.996529575599]
Solution 341	0.9958038469 [0.995078118229-0.996529575599]
Solution 342	0.9958038469 [0.995078118229-0.996529575599]
Solution 343	0.9958038469 [0.995078118229-0.996529575599]
Solution 344	0.9958038469 [0.995078118229-0.996529575599]
Solution 345	0.9957845156 [0.995058397213-0.996510634014]
Solution 346	0.9957845156 [0.995058397213-0.996510634014]
Solution 347	0.9957845156 [0.995058397213-0.996510634014]
Solution 348	0.9957842573 [0.995058134381-0.996510380314]
Solution 349	0.9957842573 [0.995058134381-0.996510380314]
Solution 350	0.9957798607 [0.995053704226-0.996506017228]
Solution 351	0.9957798607 [0.995053704226-0.996506017228]
Solution 352	0.9957845156 [0.995058397213-0.996510634014]
Solution 353	0.9957845156 [0.995058397213-0.996510634014]
Solution 354	0.9957842573 [0.995058134381-0.996510380314]
Solution 355	0.9957842573 [0.995058134381-0.996510380314]
Solution 356	0.9957842573 [0.995058134381-0.996510380314]
Solution 357	0.9957798607 [0.995053704226-0.996506017228]
Solution 358	0.9957798607 [0.995053704226-0.996506017228]
Solution 359	0.9957798607 [0.995053704226-0.996506017228]
Solution 360	0.9957845156 [0.995058397213-0.996510634014]
Solution 361	0.9957845156 [0.995058397213-0.996510634014]
Solution 362	0.9957845156 [0.995058397213-0.996510634014]
Solution 363	0.9957842573 [0.995058134381-0.996510380314]
Solution 364	0.9957798607 [0.995053704226-0.996506017228]
Solution 365	0.9957842573 [0.995058134381-0.996510380314]
Solution 366	0.9957798607 [0.995053704226-0.996506017228]
Solution 367	0.9957842573 [0.995058134381-0.996510380314]
Solution 368	0.9957798607 [0.995053704226-0.996506017228]
Solution 369	0.9957845156 [0.995058397213-0.996510634014]
Solution 370	0.9957842573 [0.995058134381-0.996510380314]
Solution 371	0.9957798607 [0.995053704226-0.996506017228]
Solution 372	0.9934093737 [0.992494062220-0.994324685182]
Solution 373	0.9934035403 [0.992488154014-0.994318926685]
Solution 374	0.9934093737 [0.992494062220-0.994324685182]
Solution 375	0.9934035403 [0.992488154014-0.994318926685]
Solution 376	0.9934094052 [0.992494088834-0.994324721609]
Solution 377	0.9934131277 [0.992497809417-0.994328445997]
Solution 378	0.9933992444 [0.992483779049-0.994314709736]
Solution 379	0.9934035403 [0.992488154014-0.994318926685]
Solution 380	0.9934035403 [0.992488154014-0.994318926685]
Solution 381	0.9934131277 [0.992497809417-0.994328445997]
Solution 382	0.9933992444 [0.992483779049-0.994314709736]
Solution 383	0.9933992444 [0.992483779049-0.994314709736]
Solution 384	0.9934031570 [0.992487766429-0.994318547608]
Solution 385	0.9934031570 [0.992487766429-0.994318547608]
Solution 386	0.9934130433 [0.992497723113-0.994328363513]
Solution 387	0.9933991549 [0.992483687520-0.994314622309]
Solution 388	0.9934031570 [0.992487766429-0.994318547608]
Solution 389	0.9934031570 [0.992487766429-0.994318547608]
Solution 390	0.9934130433 [0.992497723113-0.994328363513]
Solution 391	0.9933991549 [0.992483687520-0.994314622309]
Solution 392	0.9933991549 [0.992483687520-0.994314622309]
Solution 393	0.9933987584 [0.992483286413-0.994314230316]
Solution 394	0.9933987584 [0.992483286413-0.994314230316]
Solution 395	0.9933987584 [0.992483286413-0.994314230316]
Solution 396	0.9934035403 [0.992488154014-0.994318926685]
Solution 397	0.9934035403 [0.992488154014-0.994318926685]
Solution 398	0.9934131277 [0.992497809417-0.994328445997]
Solution 399	0.9933992444 [0.992483779049-0.994314709736]
Solution 400	0.9933992444 [0.992483779049-0.994314709736]
Solution 401	0.9934031570 [0.992487766429-0.994318547608]
Solution 402	0.9934031570 [0.992487766429-0.994318547608]
Solution 403	0.9934130433 [0.992497723113-0.994328363513]
Solution 404	0.9933991549 [0.992483687520-0.994314622309]
Solution 405	0.9933991549 [0.992483687520-0.994314622309]
Solution 406	0.9933987584 [0.992483286413-0.994314230316]
Solution 407	0.9933987584 [0.992483286413-0.994314230316]
Solution 408	0.9933992444 [0.992483779049-0.994314709736]
Solution 409	0.9933991549 [0.992483687520-0.994314622309]
Solution 410	0.9933987584 [0.992483286413-0.994314230316]
Solution 411	0.9942496915 [0.993342612210-0.995156770740]
Solution 412	0.9944068910 [0.993500565021-0.995313216949]
Solution 413	0.9942496915 [0.993342612210-0.995156770740]
Solution 414	0.9944068910 [0.993500565021-0.995313216949]
Solution 415	0.9942514810 [0.993344344330-0.995158617738]
Solution 416	0.9944168871 [0.993510610950-0.995323163238]
Solution 417	0.9944034837 [0.993497039855-0.995309927558]
Solution 418	0.9944068910 [0.993500565021-0.995313216949]
Solution 419	0.9944068910 [0.993500565021-0.995313216949]
Solution 420	0.9944168871 [0.993510610950-0.995323163238]
Solution 421	0.9944034837 [0.993497039855-0.995309927558]
Solution 422	0.9944034837 [0.993497039855-0.995309927558]
Solution 423	0.9944027425 [0.993496393685-0.995309091240]
Solution 424	0.9944027425 [0.993496393685-0.995309091240]
Solution 425	0.9944166339 [0.993510354358-0.995322913466]
Solution 426	0.9944032254 [0.993496778089-0.995309672791]
Solution 427	0.9944027425 [0.993496393685-0.995309091240]
Solution 428	0.9944027425 [0.993496393685-0.995309091240]
Solution 429	0.9944166339 [0.993510354358-0.995322913466]
Solution 430	0.9944032254 [0.993496778089-0.995309672791]
Solution 431	0.9944032254 [0.993496778089-0.995309672791]
Solution 432	0.9943990637 [0.993492593302-0.995305534097]
Solution 433	0.9943990637 [0.993492593302-0.995305534097]
Solution 434	0.9943990637 [0.993492593302-0.995305534097]
Solution 435	0.9944068910 [0.993500565021-0.995313216949]
Solution 436	0.9944068910 [0.993500565021-0.995313216949]
Solution 437	0.9944168871 [0.993510610950-0.995323163238]
Solution 438	0.9944034837 [0.993497039855-0.995309927558]
Solution 439	0.9944034837 [0.993497039855-0.995309927558]
Solution 440	0.9944027425 [0.993496393685-0.995309091240]
Solution 441	0.9944027425 [0.993496393685-0.995309091240]
Solution 442	0.9944166339 [0.993510354358-0.995322913466]
Solution 443	0.9944032254 [0.993496778089-0.995309672791]
Solution 444	0.9944032254 [0.993496778089-0.995309672791]
Solution 445	0.9943990637 [0.993492593302-0.995305534097]
Solution 446	0.9943990637 [0.993492593302-0.995305534097]
Solution 447	0.9944034837 [0.993497039855-0.995309927558]
Solution 448	0.9944032254 [0.993496778089-0.995309672791]
Solution 449	0.9943990637 [0.993492593302-0.995305534097]
Solution 450	0.9937753008 [0.993024924064-0.994525677588]
Solution 451	0.9932847675 [0.992524964008-0.994044571081]
Solution 452	0.9937753008 [0.993024924064-0.994525677588]
Solution 453	0.9937753008 [0.993024924064-0.994525677588]
Solution 454	0.9923965862 [0.991471792401-0.993321379987]
Solution 455	0.9932847675 [0.992524964008-0.994044571081]
Solution 456	0.9932847675 [0.992524964008-0.994044571081]
Solution 457	0.9937818185 [0.993031657100-0.994531979860]
Solution 458	0.9937822374 [0.993032099566-0.994532375233]
Solution 459	0.9953077630 [0.994576066074-0.996039459827]
Solution 460	0.9955018955 [0.994772724314-0.996231066675]
Solution 461	0.9936652979 [0.992913111510-0.994417484240]
Solution 462	0.9937538109 [0.993002905660-0.994504716081]
Solution 463	0.9953081819 [0.994576502105-0.996039861635]
Solution 464	0.9955023144 [0.994773160358-0.996231468469]
Solution 465	0.9936718155 [0.992919844861-0.994423786197]
Solution 466	0.9937603285 [0.993009638460-0.994511018588]
Solution 467	0.9953761627 [0.994645575928-0.996106749531]
Solution 468	0.9951860313 [0.994452850971-0.995919211575]
Solution 469	0.9936094586 [0.992856051299-0.994362865823]
Solution 470	0.9954960652 [0.994766817193-0.996225313194]
Solution 471	0.9954964841 [0.994767253250-0.996225714976]
Solution 472	0.9955817342 [0.994853914407-0.996309554021]
Solution 473	0.9955777158 [0.994849862459-0.996305569223]
Solution 474	0.9957277592 [0.995000835406-0.996454682895]
Solution 475	0.9957237357 [0.994996780418-0.996450690969]
Solution 476	0.9957178922 [0.994990865204-0.996444919145]
Solution 477	0.9937431386 [0.992992080135-0.994494197052]
Solution 478	0.9937496562 [0.992998813055-0.994500499439]
Solution 479	0.9952834778 [0.994551423023-0.996015532629]
Solution 480	0.9952780126 [0.994545881828-0.996010143282]
Solution 481	0.9954648028 [0.994735107139-0.996194498509]
Solution 482	0.9954593325 [0.994729564101-0.996189100836]
Solution 483	0.9954486470 [0.994718781115-0.996178512831]
Solution 484	0.9936739254 [0.992921673687-0.994426177069]
Solution 485	0.9936636181 [0.992911214567-0.994416021694]
Solution 486	0.9937506974 [0.992999614437-0.994501780453]
Solution 487	0.9937403851 [0.992989153145-0.994491617081]
Solution 488	0.9937313153 [0.992979910225-0.994482720384]
Solution 489	0.9932912852 [0.992531691688-0.994050878709]
Solution 490	0.9932917041 [0.992532133739-0.994051274497]
Solution 491	0.9949144383 [0.994173711814-0.995655164771]
Solution 492	0.9949148572 [0.994174147536-0.995655566887]
Solution 493	0.9949889246 [0.994249380579-0.995728468630]
Solution 494	0.9932797436 [0.992519423190-0.994040063934]
Solution 495	0.9928013915 [0.992030047353-0.993572735610]
Solution 496	0.9932862612 [0.992526152742-0.994046369691]
Solution 497	0.9928079091 [0.992036771278-0.993579046992]
Solution 498	0.9948065635 [0.994064599217-0.995548527768]
Solution 499	0.9944254200 [0.993672755441-0.995178084629]
Solution 500	0.9931967446 [0.992434698658-0.993958790632]
Solution 501	0.9928233715 [0.992051515841-0.993595227223]
Solution 502	0.9926045817 [0.991829063517-0.993380099917]
Solution 503	0.9953657630 [0.994632214026-0.996099311881]
Solution 504	0.9936254487 [0.992870663274-0.994380234075]
Solution 505	0.9953661819 [0.994632649934-0.996099713812]
Solution 506	0.9936319663 [0.992877394468-0.994386538189]
Solution 507	0.9953539671 [0.994620231186-0.996087703051]
Solution 508	0.9936088109 [0.992853773843-0.994363847883]
Solution 509	0.9953543860 [0.994620667101-0.996088104974]
Solution 510	0.9936153285 [0.992860505106-0.994370151928]
Solution 511	0.9954495692 [0.994717539973-0.996181598439]
Solution 512	0.9954453160 [0.994713252334-0.996177379573]
Solution 513	0.9956018515 [0.994870562114-0.996333140880]
Solution 514	0.9955975932 [0.994866271544-0.996328914777]
Solution 515	0.9955857841 [0.994854279571-0.996317288644]
Solution 516	0.9951590832 [0.994422923491-0.995895242835]
Solution 517	0.9951533830 [0.994417145756-0.995889620268]
Solution 518	0.9953466655 [0.994612754284-0.996080576747]
Solution 519	0.9953409603 [0.994606974797-0.996074945764]
Solution 520	0.9953243093 [0.994590118725-0.996058499776]
Solution 521	0.9935162846 [0.992759716585-0.994272852573]
Solution 522	0.9935057425 [0.992749021533-0.994262463371]
Solution 523	0.9935993140 [0.992843838566-0.994354789434]
Solution 524	0.9935887668 [0.992833141436-0.994344392142]
Solution 525	0.9935737314 [0.992817833904-0.994329628987]
Solution 526	0.9931934228 [0.992431174888-0.993955670665]
Solution 527	0.9931999404 [0.992437901542-0.993961979319]
Solution 528	0.9931745094 [0.992411913739-0.993937105018]
Solution 529	0.9931810270 [0.992418640427-0.993943413638]
Solution 530	0.9948201845 [0.994076849806-0.995563519143]
Solution 531	0.9948085188 [0.994064996736-0.995552040841]
Solution 532	0.9952690404 [0.994532809428-0.996005271288]
Solution 533	0.9952573696 [0.994520954382-0.995993784795]
Solution 534	0.9952384430 [0.994501724508-0.995975161436]
Solution 535	0.9931851562 [0.992422201474-0.993948110998]
Solution 536	0.9931686486 [0.992405442952-0.993931854195]
Solution 537	0.9935294592 [0.992772040093-0.994286878283]
Solution 538	0.9935129464 [0.992755278811-0.994270614073]
Solution 539	0.9934956355 [0.992737599750-0.994253671275]
Solution 540	0.9927899271 [0.992018289942-0.993561564300]
Solution 541	0.9927711439 [0.991999161579-0.993543126166]
Solution 542	0.9931845594 [0.992421978807-0.993947139947]
Solution 543	0.9931657710 [0.992402846743-0.993928695347]
Solution 544	0.9931406888 [0.992377294550-0.993904082956]
Solution 545	0.9937818185 [0.993031657100-0.994531979860]
Solution 546	0.9937822374 [0.993032099566-0.994532375233]
Solution 547	0.9937818185 [0.993031657100-0.994531979860]
Solution 548	0.9937822374 [0.993032099566-0.994532375233]
Solution 549	0.9924031038 [0.991478480424-0.993327727272]
Solution 550	0.9924035228 [0.991478918165-0.993328127370]
Solution 551	0.9953077630 [0.994576066074-0.996039459827]
Solution 552	0.9936652979 [0.992913111510-0.994417484240]
Solution 553	0.9953081819 [0.994576502105-0.996039861635]
Solution 554	0.9936718155 [0.992919844861-0.994423786197]
Solution 555	0.9953761627 [0.994645575928-0.996106749531]
Solution 556	0.9951860313 [0.994452850971-0.995919211575]
Solution 557	0.9936094586 [0.992856051299-0.994362865823]
Solution 558	0.9955018955 [0.994772724314-0.996231066675]
Solution 559	0.9955018955 [0.994772724314-0.996231066675]
Solution 560	0.9937538109 [0.993002905660-0.994504716081]
Solution 561	0.9937538109 [0.993002905660-0.994504716081]
Solution 562	0.9955023144 [0.994773160358-0.996231468469]
Solution 563	0.9955023144 [0.994773160358-0.996231468469]
Solution 564	0.9937603285 [0.993009638460-0.994511018588]
Solution 565	0.9937603285 [0.993009638460-0.994511018588]
Solution 566	0.9954960652 [0.994766817193-0.996225313194]
Solution 567	0.9954960652 [0.994766817193-0.996225313194]
Solution 568	0.9937431386 [0.992992080135-0.994494197052]
Solution 569	0.9937431386 [0.992992080135-0.994494197052]
Solution 570	0.9954964841 [0.994767253250-0.996225714976]
Solution 571	0.9954964841 [0.994767253250-0.996225714976]
Solution 572	0.9937496562 [0.992998813055-0.994500499439]
Solution 573	0.9937496562 [0.992998813055-0.994500499439]
Solution 574	0.9955817342 [0.994853914407-0.996309554021]
Solution 575	0.9955817342 [0.994853914407-0.996309554021]
Solution 576	0.9955777158 [0.994849862459-0.996305569223]
Solution 577	0.9955777158 [0.994849862459-0.996305569223]
Solution 578	0.9957277592 [0.995000835406-0.996454682895]
Solution 579	0.9957277592 [0.995000835406-0.996454682895]
Solution 580	0.9957277592 [0.995000835406-0.996454682895]
Solution 581	0.9957237357 [0.994996780418-0.996450690969]
Solution 582	0.9957237357 [0.994996780418-0.996450690969]
Solution 583	0.9957237357 [0.994996780418-0.996450690969]
Solution 584	0.9957178922 [0.994990865204-0.996444919145]
Solution 585	0.9957178922 [0.994990865204-0.996444919145]
Solution 586	0.9957178922 [0.994990865204-0.996444919145]
Solution 587	0.9952834778 [0.994551423023-0.996015532629]
Solution 588	0.9952834778 [0.994551423023-0.996015532629]
Solution 589	0.9952780126 [0.994545881828-0.996010143282]
Solution 590	0.9952780126 [0.994545881828-0.996010143282]
Solution 591	0.9954648028 [0.994735107139-0.996194498509]
Solution 592	0.9954648028 [0.994735107139-0.996194498509]
Solution 593	0.9954648028 [0.994735107139-0.996194498509]
Solution 594	0.9954593325 [0.994729564101-0.996189100836]
Solution 595	0.9954593325 [0.994729564101-0.996189100836]
Solution 596	0.9954593325 [0.994729564101-0.996189100836]
Solution 597	0.9954486470 [0.994718781115-0.996178512831]
Solution 598	0.9954486470 [0.994718781115-0.996178512831]
Solution 599	0.9954486470 [0.994718781115-0.996178512831]
Solution 600	0.9936739254 [0.992921673687-0.994426177069]
Solution 601	0.9936739254 [0.992921673687-0.994426177069]
Solution 602	0.9936636181 [0.992911214567-0.994416021694]
Solution 603	0.9936636181 [0.992911214567-0.994416021694]
Solution 604	0.9937506974 [0.992999614437-0.994501780453]
Solution 605	0.9937506974 [0.992999614437-0.994501780453]
Solution 606	0.9937506974 [0.992999614437-0.994501780453]
Solution 607	0.9937403851 [0.992989153145-0.994491617081]
Solution 608	0.9937403851 [0.992989153145-0.994491617081]
Solution 609	0.9937403851 [0.992989153145-0.994491617081]
Solution 610	0.9937313153 [0.992979910225-0.994482720384]
Solution 611	0.9937313153 [0.992979910225-0.994482720384]
Solution 612	0.9937313153 [0.992979910225-0.994482720384]
Solution 613	0.9953077630 [0.994576066074-0.996039459827]
Solution 614	0.9936652979 [0.992913111510-0.994417484240]
Solution 615	0.9953081819 [0.994576502105-0.996039861635]
Solution 616	0.9936718155 [0.992919844861-0.994423786197]
Solution 617	0.9953761627 [0.994645575928-0.996106749531]
Solution 618	0.9951860313 [0.994452850971-0.995919211575]
Solution 619	0.9936094586 [0.992856051299-0.994362865823]
Solution 620	0.9955018955 [0.994772724314-0.996231066675]
Solution 621	0.9955018955 [0.994772724314-0.996231066675]
Solution 622	0.9937538109 [0.993002905660-0.994504716081]
Solution 623	0.9937538109 [0.993002905660-0.994504716081]
Solution 624	0.9955018955 [0.994772724314-0.996231066675]
Solution 625	0.9937538109 [0.993002905660-0.994504716081]
Solution 626	0.9955023144 [0.994773160358-0.996231468469]
Solution 627	0.9955023144 [0.994773160358-0.996231468469]
Solution 628	0.9937603285 [0.993009638460-0.994511018588]
Solution 629	0.9937603285 [0.993009638460-0.994511018588]
Solution 630	0.9955023144 [0.994773160358-0.996231468469]
Solution 631	0.9937603285 [0.993009638460-0.994511018588]
Solution 632	0.9954960652 [0.994766817193-0.996225313194]
Solution 633	0.9954960652 [0.994766817193-0.996225313194]
Solution 634	0.9937431386 [0.992992080135-0.994494197052]
Solution 635	0.9937431386 [0.992992080135-0.994494197052]
Solution 636	0.9954960652 [0.994766817193-0.996225313194]
Solution 637	0.9937431386 [0.992992080135-0.994494197052]
Solution 638	0.9954964841 [0.994767253250-0.996225714976]
Solution 639	0.9954964841 [0.994767253250-0.996225714976]
Solution 640	0.9937496562 [0.992998813055-0.994500499439]
Solution 641	0.9937496562 [0.992998813055-0.994500499439]
Solution 642	0.9954964841 [0.994767253250-0.996225714976]
Solution 643	0.9937496562 [0.992998813055-0.994500499439]
Solution 644	0.9955817342 [0.994853914407-0.996309554021]
Solution 645	0.9955817342 [0.994853914407-0.996309554021]
Solution 646	0.9955777158 [0.994849862459-0.996305569223]
Solution 647	0.9955777158 [0.994849862459-0.996305569223]
Solution 648	0.9957277592 [0.995000835406-0.996454682895]
Solution 649	0.9957277592 [0.995000835406-0.996454682895]
Solution 650	0.9957277592 [0.995000835406-0.996454682895]
Solution 651	0.9957237357 [0.994996780418-0.996450690969]
Solution 652	0.9957237357 [0.994996780418-0.996450690969]
Solution 653	0.9957237357 [0.994996780418-0.996450690969]
Solution 654	0.9957178922 [0.994990865204-0.996444919145]
Solution 655	0.9957178922 [0.994990865204-0.996444919145]
Solution 656	0.9957178922 [0.994990865204-0.996444919145]
Solution 657	0.9952834778 [0.994551423023-0.996015532629]
Solution 658	0.9952834778 [0.994551423023-0.996015532629]
Solution 659	0.9952780126 [0.994545881828-0.996010143282]
Solution 660	0.9952780126 [0.994545881828-0.996010143282]
Solution 661	0.9954648028 [0.994735107139-0.996194498509]
Solution 662	0.9954648028 [0.994735107139-0.996194498509]
Solution 663	0.9954648028 [0.994735107139-0.996194498509]
Solution 664	0.9954593325 [0.994729564101-0.996189100836]
Solution 665	0.9954593325 [0.994729564101-0.996189100836]
Solution 666	0.9954593325 [0.994729564101-0.996189100836]
Solution 667	0.9954486470 [0.994718781115-0.996178512831]
Solution 668	0.9954486470 [0.994718781115-0.996178512831]
Solution 669	0.9954486470 [0.994718781115-0.996178512831]
Solution 670	0.9936739254 [0.992921673687-0.994426177069]
Solution 671	0.9936739254 [0.992921673687-0.994426177069]
Solution 672	0.9936636181 [0.992911214567-0.994416021694]
Solution 673	0.9936636181 [0.992911214567-0.994416021694]
Solution 674	0.9937506974 [0.992999614437-0.994501780453]
Solution 675	0.9937506974 [0.992999614437-0.994501780453]
Solution 676	0.9937506974 [0.992999614437-0.994501780453]
Solution 677	0.9937403851 [0.992989153145-0.994491617081]
Solution 678	0.9937403851 [0.992989153145-0.994491617081]
Solution 679	0.9937403851 [0.992989153145-0.994491617081]
Solution 680	0.9937313153 [0.992979910225-0.994482720384]
Solution 681	0.9937313153 [0.992979910225-0.994482720384]
Solution 682	0.9937313153 [0.992979910225-0.994482720384]
Solution 683	0.9955817342 [0.994853914407-0.996309554021]
Solution 684	0.9955777158 [0.994849862459-0.996305569223]
Solution 685	0.9957277592 [0.995000835406-0.996454682895]
Solution 686	0.9957277592 [0.995000835406-0.996454682895]
Solution 687	0.9957237357 [0.994996780418-0.996450690969]
Solution 688	0.9957237357 [0.994996780418-0.996450690969]
Solution 689	0.9957178922 [0.994990865204-0.996444919145]
Solution 690	0.9957178922 [0.994990865204-0.996444919145]
Solution 691	0.9952834778 [0.994551423023-0.996015532629]
Solution 692	0.9952780126 [0.994545881828-0.996010143282]
Solution 693	0.9954648028 [0.994735107139-0.996194498509]
Solution 694	0.9954648028 [0.994735107139-0.996194498509]
Solution 695	0.9954593325 [0.994729564101-0.996189100836]
Solution 696	0.9954593325 [0.994729564101-0.996189100836]
Solution 697	0.9954486470 [0.994718781115-0.996178512831]
Solution 698	0.9954486470 [0.994718781115-0.996178512831]
Solution 699	0.9936739254 [0.992921673687-0.994426177069]
Solution 700	0.9936636181 [0.992911214567-0.994416021694]
Solution 701	0.9937506974 [0.992999614437-0.994501780453]
Solution 702	0.9937506974 [0.992999614437-0.994501780453]
Solution 703	0.9937403851 [0.992989153145-0.994491617081]
Solution 704	0.9937403851 [0.992989153145-0.994491617081]
Solution 705	0.9937313153 [0.992979910225-0.994482720384]
Solution 706	0.9937313153 [0.992979910225-0.994482720384]
Solution 707	0.9957277592 [0.995000835406-0.996454682895]
Solution 708	0.9957237357 [0.994996780418-0.996450690969]
Solution 709	0.9957178922 [0.994990865204-0.996444919145]
Solution 710	0.9954648028 [0.994735107139-0.996194498509]
Solution 711	0.9954593325 [0.994729564101-0.996189100836]
Solution 712	0.9954486470 [0.994718781115-0.996178512831]
Solution 713	0.9937506974 [0.992999614437-0.994501780453]
Solution 714	0.9937403851 [0.992989153145-0.994491617081]
Solution 715	0.9937313153 [0.992979910225-0.994482720384]
Solution 716	0.9939229618 [0.993012242582-0.994833680988]
Solution 717	0.9923137428 [0.991387927591-0.993239558101]
Solution 718	0.9939233807 [0.993012674963-0.994834086447]
Solution 719	0.9923202605 [0.991394616189-0.993245904811]
Solution 720	0.9939911267 [0.993081250878-0.994901002492]
Solution 721	0.9938342414 [0.992922780304-0.994745702425]
Solution 722	0.9922576687 [0.991330895747-0.993184441557]
Solution 723	0.9941129560 [0.993204180797-0.995021731152]
Solution 724	0.9941129560 [0.993204180797-0.995021731152]
Solution 725	0.9923981175 [0.991473315975-0.993322918999]
Solution 726	0.9923981175 [0.991473315975-0.993322918999]
Solution 727	0.9941129560 [0.993204180797-0.995021731152]
Solution 728	0.9923981175 [0.991473315975-0.993322918999]
Solution 729	0.9941133749 [0.993204613169-0.995022136620]
Solution 730	0.9941133749 [0.993204613169-0.995022136620]
Solution 731	0.9924046351 [0.991480004001-0.993329266280]
Solution 732	0.9924046351 [0.991480004001-0.993329266280]
Solution 733	0.9941133749 [0.993204613169-0.995022136620]
Solution 734	0.9924046351 [0.991480004001-0.993329266280]
Solution 735	0.9941073606 [0.993198529499-0.995016191608]
Solution 736	0.9941073606 [0.993198529499-0.995016191608]
Solution 737	0.9923876801 [0.991462763273-0.993312596905]
Solution 738	0.9923876801 [0.991462763273-0.993312596905]
Solution 739	0.9941073606 [0.993198529499-0.995016191608]
Solution 740	0.9923876801 [0.991462763273-0.993312596905]
Solution 741	0.9941077795 [0.993198961881-0.995016597065]
Solution 742	0.9941077795 [0.993198961881-0.995016597065]
Solution 743	0.9923941977 [0.991469451413-0.993318944074]
Solution 744	0.9923941977 [0.991469451413-0.993318944074]
Solution 745	0.9941077795 [0.993198961881-0.995016597065]
Solution 746	0.9923941977 [0.991469451413-0.993318944074]
Solution 747	0.9941867509 [0.993278873997-0.995094627736]
Solution 748	0.9941867509 [0.993278873997-0.995094627736]
Solution 749	0.9941827325 [0.993274831062-0.995090633926]
Solution 750	0.9941827325 [0.993274831062-0.995090633926]
Solution 751	0.9943389569 [0.993431848460-0.995246065336]
Solution 752	0.9943389569 [0.993431848460-0.995246065336]
Solution 753	0.9943389569 [0.993431848460-0.995246065336]
Solution 754	0.9943349334 [0.993427802085-0.995242064798]
Solution 755	0.9943349334 [0.993427802085-0.995242064798]
Solution 756	0.9943349334 [0.993427802085-0.995242064798]
Solution 757	0.9943293248 [0.993422141799-0.995236507805]
Solution 758	0.9943293248 [0.993422141799-0.995236507805]
Solution 759	0.9943293248 [0.993422141799-0.995236507805]
Solution 760	0.9939217406 [0.993011020211-0.994832461019]
Solution 761	0.9939217406 [0.993011020211-0.994832461019]
Solution 762	0.9939162753 [0.993005497593-0.994827053094]
Solution 763	0.9939162753 [0.993005497593-0.994827053094]
Solution 764	0.9941092467 [0.993200431742-0.995018061673]
Solution 765	0.9941092467 [0.993200431742-0.995018061673]
Solution 766	0.9941092467 [0.993200431742-0.995018061673]
Solution 767	0.9941037764 [0.993194906708-0.995012645997]
Solution 768	0.9941037764 [0.993194906708-0.995012645997]
Solution 769	0.9941037764 [0.993194906708-0.995012645997]
Solution 770	0.9940933257 [0.993184387314-0.995002264159]
Solution 771	0.9940933257 [0.993184387314-0.995002264159]
Solution 772	0.9940933257 [0.993184387314-0.995002264159]
Solution 773	0.9923121882 [0.991386222198-0.993238154136]
Solution 774	0.9923121882 [0.991386222198-0.993238154136]
Solution 775	0.9923018809 [0.991375798399-0.993227963439]
Solution 776	0.9923018809 [0.991375798399-0.993227963439]
Solution 777	0.9923951413 [0.991470198836-0.993320083822]
Solution 778	0.9923951413 [0.991470198836-0.993320083822]
Solution 779	0.9923951413 [0.991470198836-0.993320083822]
Solution 780	0.9923848290 [0.991459772355-0.993309885639]
Solution 781	0.9923848290 [0.991459772355-0.993309885639]
Solution 782	0.9923848290 [0.991459772355-0.993309885639]
Solution 783	0.9923759941 [0.991450804909-0.993301183226]
Solution 784	0.9923759941 [0.991450804909-0.993301183226]
Solution 785	0.9923759941 [0.991450804909-0.993301183226]
Solution 786	0.9941867509 [0.993278873997-0.995094627736]
Solution 787	0.9941827325 [0.993274831062-0.995090633926]
Solution 788	0.9943389569 [0.993431848460-0.995246065336]
Solution 789	0.9943389569 [0.993431848460-0.995246065336]
Solution 790	0.9943349334 [0.993427802085-0.995242064798]
Solution 791	0.9943349334 [0.993427802085-0.995242064798]
Solution 792	0.9943293248 [0.993422141799-0.995236507805]
Solution 793	0.9943293248 [0.993422141799-0.995236507805]
Solution 794	0.9939217406 [0.993011020211-0.994832461019]
Solution 795	0.9939162753 [0.993005497593-0.994827053094]
Solution 796	0.9941092467 [0.993200431742-0.995018061673]
Solution 797	0.9941092467 [0.993200431742-0.995018061673]
Solution 798	0.9941037764 [0.993194906708-0.995012645997]
Solution 799	0.9941037764 [0.993194906708-0.995012645997]
Solution 800	0.9940933257 [0.993184387314-0.995002264159]
Solution 801	0.9940933257 [0.993184387314-0.995002264159]
Solution 802	0.9923121882 [0.991386222198-0.993238154136]
Solution 803	0.9923018809 [0.991375798399-0.993227963439]
Solution 804	0.9923951413 [0.991470198836-0.993320083822]
Solution 805	0.9923951413 [0.991470198836-0.993320083822]
Solution 806	0.9923848290 [0.991459772355-0.993309885639]
Solution 807	0.9923848290 [0.991459772355-0.993309885639]
Solution 808	0.9923759941 [0.991450804909-0.993301183226]
Solution 809	0.9923759941 [0.991450804909-0.993301183226]
Solution 810	0.9943389569 [0.993431848460-0.995246065336]
Solution 811	0.9943349334 [0.993427802085-0.995242064798]
Solution 812	0.9943293248 [0.993422141799-0.995236507805]
Solution 813	0.9941092467 [0.993200431742-0.995018061673]
Solution 814	0.9941037764 [0.993194906708-0.995012645997]
Solution 815	0.9940933257 [0.993184387314-0.995002264159]
Solution 816	0.9923951413 [0.991470198836-0.993320083822]
Solution 817	0.9923848290 [0.991459772355-0.993309885639]
Solution 818	0.9923759941 [0.991450804909-0.993301183226]
Solution 819	0.9932912852 [0.992531691688-0.994050878709]
Solution 820	0.9932917041 [0.992532133739-0.994051274497]
Solution 821	0.9932912852 [0.992531691688-0.994050878709]
Solution 822	0.9932917041 [0.992532133739-0.994051274497]
Solution 823	0.9949144383 [0.994173711814-0.995655164771]
Solution 824	0.9932797436 [0.992519423190-0.994040063934]
Solution 825	0.9949148572 [0.994174147536-0.995655566887]
Solution 826	0.9932862612 [0.992526152742-0.994046369691]
Solution 827	0.9949889246 [0.994249380579-0.995728468630]
Solution 828	0.9948065635 [0.994064599217-0.995548527768]
Solution 829	0.9931967446 [0.992434698658-0.993958790632]
Solution 830	0.9928013915 [0.992030047353-0.993572735610]
Solution 831	0.9928079091 [0.992036771278-0.993579046992]
Solution 832	0.9944254200 [0.993672755441-0.995178084629]
Solution 833	0.9928233715 [0.992051515841-0.993595227223]
Solution 834	0.9926045817 [0.991829063517-0.993380099917]
Solution 835	0.9953657630 [0.994632214026-0.996099311881]
Solution 836	0.9953657630 [0.994632214026-0.996099311881]
Solution 837	0.9936254487 [0.992870663274-0.994380234075]
Solution 838	0.9936254487 [0.992870663274-0.994380234075]
Solution 839	0.9953661819 [0.994632649934-0.996099713812]
Solution 840	0.9953661819 [0.994632649934-0.996099713812]
Solution 841	0.9936319663 [0.992877394468-0.994386538189]
Solution 842	0.9936319663 [0.992877394468-0.994386538189]
Solution 843	0.9953539671 [0.994620231186-0.996087703051]
Solution 844	0.9953539671 [0.994620231186-0.996087703051]
Solution 845	0.9936088109 [0.992853773843-0.994363847883]
Solution 846	0.9936088109 [0.992853773843-0.994363847883]
Solution 847	0.9953543860 [0.994620667101-0.996088104974]
Solution 848	0.9953543860 [0.994620667101-0.996088104974]
Solution 849	0.9936153285 [0.992860505106-0.994370151928]
Solution 850	0.9936153285 [0.992860505106-0.994370151928]
Solution 851	0.9954495692 [0.994717539973-0.996181598439]
Solution 852	0.9954495692 [0.994717539973-0.996181598439]
Solution 853	0.9954453160 [0.994713252334-0.996177379573]
Solution 854	0.9954453160 [0.994713252334-0.996177379573]
Solution 855	0.9956018515 [0.994870562114-0.996333140880]
Solution 856	0.9956018515 [0.994870562114-0.996333140880]
Solution 857	0.9956018515 [0.994870562114-0.996333140880]
Solution 858	0.9955975932 [0.994866271544-0.996328914777]
Solution 859	0.9955975932 [0.994866271544-0.996328914777]
Solution 860	0.9955975932 [0.994866271544-0.996328914777]
Solution 861	0.9955857841 [0.994854279571-0.996317288644]
Solution 862	0.9955857841 [0.994854279571-0.996317288644]
Solution 863	0.9955857841 [0.994854279571-0.996317288644]
Solution 864	0.9951590832 [0.994422923491-0.995895242835]
Solution 865	0.9951590832 [0.994422923491-0.995895242835]
Solution 866	0.9951533830 [0.994417145756-0.995889620268]
Solution 867	0.9951533830 [0.994417145756-0.995889620268]
Solution 868	0.9953466655 [0.994612754284-0.996080576747]
Solution 869	0.9953466655 [0.994612754284-0.996080576747]
Solution 870	0.9953466655 [0.994612754284-0.996080576747]
Solution 871	0.9953409603 [0.994606974797-0.996074945764]
Solution 872	0.9953409603 [0.994606974797-0.996074945764]
Solution 873	0.9953409603 [0.994606974797-0.996074945764]
Solution 874	0.9953243093 [0.994590118725-0.996058499776]
Solution 875	0.9953243093 [0.994590118725-0.996058499776]
Solution 876	0.9953243093 [0.994590118725-0.996058499776]
Solution 877	0.9935162846 [0.992759716585-0.994272852573]
Solution 878	0.9935162846 [0.992759716585-0.994272852573]
Solution 879	0.9935057425 [0.992749021533-0.994262463371]
Solution 880	0.9935057425 [0.992749021533-0.994262463371]
Solution 881	0.9935993140 [0.992843838566-0.994354789434]
Solution 882	0.9935993140 [0.992843838566-0.994354789434]
Solution 883	0.9935993140 [0.992843838566-0.994354789434]
Solution 884	0.9935887668 [0.992833141436-0.994344392142]
Solution 885	0.9935887668 [0.992833141436-0.994344392142]
Solution 886	0.9935887668 [0.992833141436-0.994344392142]
Solution 887	0.9935737314 [0.992817833904-0.994329628987]
Solution 888	0.9935737314 [0.992817833904-0.994329628987]
Solution 889	0.9935737314 [0.992817833904-0.994329628987]
Solution 890	0.9931934228 [0.992431174888-0.993955670665]
Solution 891	0.9931934228 [0.992431174888-0.993955670665]
Solution 892	0.9931999404 [0.992437901542-0.993961979319]
Solution 893	0.9931999404 [0.992437901542-0.993961979319]
Solution 894	0.9931745094 [0.992411913739-0.993937105018]
Solution 895	0.9931745094 [0.992411913739-0.993937105018]
Solution 896	0.9931810270 [0.992418640427-0.993943413638]
Solution 897	0.9931810270 [0.992418640427-0.993943413638]
Solution 898	0.9948201845 [0.994076849806-0.995563519143]
Solution 899	0.9948201845 [0.994076849806-0.995563519143]
Solution 900	0.9948085188 [0.994064996736-0.995552040841]
Solution 901	0.9948085188 [0.994064996736-0.995552040841]
Solution 902	0.9952690404 [0.994532809428-0.996005271288]
Solution 903	0.9952690404 [0.994532809428-0.996005271288]
Solution 904	0.9952690404 [0.994532809428-0.996005271288]
Solution 905	0.9952573696 [0.994520954382-0.995993784795]
Solution 906	0.9952573696 [0.994520954382-0.995993784795]
Solution 907	0.9952573696 [0.994520954382-0.995993784795]
Solution 908	0.9952384430 [0.994501724508-0.995975161436]
Solution 909	0.9952384430 [0.994501724508-0.995975161436]
Solution 910	0.9952384430 [0.994501724508-0.995975161436]
Solution 911	0.9931851562 [0.992422201474-0.993948110998]
Solution 912	0.9931851562 [0.992422201474-0.993948110998]
Solution 913	0.9931686486 [0.992405442952-0.993931854195]
Solution 914	0.9931686486 [0.992405442952-0.993931854195]
Solution 915	0.9935294592 [0.992772040093-0.994286878283]
Solution 916	0.9935294592 [0.992772040093-0.994286878283]
Solution 917	0.9935294592 [0.992772040093-0.994286878283]
Solution 918	0.9935129464 [0.992755278811-0.994270614073]
Solution 919	0.9935129464 [0.992755278811-0.994270614073]
Solution 920	0.9935129464 [0.992755278811-0.994270614073]
Solution 921	0.9934956355 [0.992737599750-0.994253671275]
Solution 922	0.9934956355 [0.992737599750-0.994253671275]
Solution 923	0.9934956355 [0.992737599750-0.994253671275]
Solution 924	0.9927899271 [0.992018289942-0.993561564300]
Solution 925	0.9927899271 [0.992018289942-0.993561564300]
Solution 926	0.9927711439 [0.991999161579-0.993543126166]
Solution 927	0.9927711439 [0.991999161579-0.993543126166]
Solution 928	0.9931845594 [0.992421978807-0.993947139947]
Solution 929	0.9931845594 [0.992421978807-0.993947139947]
Solution 930	0.9931845594 [0.992421978807-0.993947139947]
Solution 931	0.9931657710 [0.992402846743-0.993928695347]
Solution 932	0.9931657710 [0.992402846743-0.993928695347]
Solution 933	0.9931657710 [0.992402846743-0.993928695347]
Solution 934	0.9931406888 [0.992377294550-0.993904082956]
Solution 935	0.9931406888 [0.992377294550-0.993904082956]
Solution 936	0.9931406888 [0.992377294550-0.993904082956]
Solution 937	0.9949144383 [0.994173711814-0.995655164771]
Solution 938	0.9932797436 [0.992519423190-0.994040063934]
Solution 939	0.9949148572 [0.994174147536-0.995655566887]
Solution 940	0.9932862612 [0.992526152742-0.994046369691]
Solution 941	0.9949889246 [0.994249380579-0.995728468630]
Solution 942	0.9948065635 [0.994064599217-0.995548527768]
Solution 943	0.9931967446 [0.992434698658-0.993958790632]
Solution 944	0.9928013915 [0.992030047353-0.993572735610]
Solution 945	0.9928079091 [0.992036771278-0.993579046992]
Solution 946	0.9944254200 [0.993672755441-0.995178084629]
Solution 947	0.9928233715 [0.992051515841-0.993595227223]
Solution 948	0.9926045817 [0.991829063517-0.993380099917]
Solution 949	0.9953657630 [0.994632214026-0.996099311881]
Solution 950	0.9953657630 [0.994632214026-0.996099311881]
Solution 951	0.9936254487 [0.992870663274-0.994380234075]
Solution 952	0.9936254487 [0.992870663274-0.994380234075]
Solution 953	0.9953657630 [0.994632214026-0.996099311881]
Solution 954	0.9936254487 [0.992870663274-0.994380234075]
Solution 955	0.9953661819 [0.994632649934-0.996099713812]
Solution 956	0.9953661819 [0.994632649934-0.996099713812]
Solution 957	0.9936319663 [0.992877394468-0.994386538189]
Solution 958	0.9936319663 [0.992877394468-0.994386538189]
Solution 959	0.9953661819 [0.994632649934-0.996099713812]
Solution 960	0.9936319663 [0.992877394468-0.994386538189]
Solution 961	0.9953539671 [0.994620231186-0.996087703051]
Solution 962	0.9953539671 [0.994620231186-0.996087703051]
Solution 963	0.9936088109 [0.992853773843-0.994363847883]
Solution 964	0.9936088109 [0.992853773843-0.994363847883]
Solution 965	0.9953539671 [0.994620231186-0.996087703051]
Solution 966	0.9936088109 [0.992853773843-0.994363847883]
Solution 967	0.9953543860 [0.994620667101-0.996088104974]
Solution 968	0.9953543860 [0.994620667101-0.996088104974]
Solution 969	0.9936153285 [0.992860505106-0.994370151928]
Solution 970	0.9936153285 [0.992860505106-0.994370151928]
Solution 971	0.9953543860 [0.994620667101-0.996088104974]
Solution 972	0.9936153285 [0.992860505106-0.994370151928]
Solution 973	0.9954495692 [0.994717539973-0.996181598439]
Solution 974	0.9954495692 [0.994717539973-0.996181598439]
Solution 975	0.9954453160 [0.994713252334-0.996177379573]
Solution 976	0.9954453160 [0.994713252334-0.996177379573]
Solution 977	0.9956018515 [0.994870562114-0.996333140880]
Solution 978	0.9956018515 [0.994870562114-0.996333140880]
Solution 979	0.9956018515 [0.994870562114-0.996333140880]
Solution 980	0.9955975932 [0.994866271544-0.996328914777]
Solution 981	0.9955975932 [0.994866271544-0.996328914777]
Solution 982	0.9955975932 [0.994866271544-0.996328914777]
Solution 983	0.9955857841 [0.994854279571-0.996317288644]
Solution 984	0.9955857841 [0.994854279571-0.996317288644]
Solution 985	0.9955857841 [0.994854279571-0.996317288644]
Solution 986	0.9951590832 [0.994422923491-0.995895242835]
Solution 987	0.9951590832 [0.994422923491-0.995895242835]
Solution 988	0.9951533830 [0.994417145756-0.995889620268]
Solution 989	0.9951533830 [0.994417145756-0.995889620268]
Solution 990	0.9953466655 [0.994612754284-0.996080576747]
Solution 991	0.9953466655 [0.994612754284-0.996080576747]
Solution 992	0.9953466655 [0.994612754284-0.996080576747]
Solution 993	0.9953409603 [0.994606974797-0.996074945764]
Solution 994	0.9953409603 [0.994606974797-0.996074945764]
Solution 995	0.9953409603 [0.994606974797-0.996074945764]
Solution 996	0.9953243093 [0.994590118725-0.996058499776]
Solution 997	0.9953243093 [0.994590118725-0.996058499776]
Solution 998	0.9953243093 [0.994590118725-0.996058499776]
Solution 999	0.9935162846 [0.992759716585-0.994272852573]
Solution 1000	0.9935162846 [0.992759716585-0.994272852573]
Solution 1001	0.9935057425 [0.992749021533-0.994262463371]
Solution 1002	0.9935057425 [0.992749021533-0.994262463371]
Solution 1003	0.9935993140 [0.992843838566-0.994354789434]
Solution 1004	0.9935993140 [0.992843838566-0.994354789434]
Solution 1005	0.9935993140 [0.992843838566-0.994354789434]
Solution 1006	0.9935887668 [0.992833141436-0.994344392142]
Solution 1007	0.9935887668 [0.992833141436-0.994344392142]
Solution 1008	0.9935887668 [0.992833141436-0.994344392142]
Solution 1009	0.9935737314 [0.992817833904-0.994329628987]
Solution 1010	0.9935737314 [0.992817833904-0.994329628987]
Solution 1011	0.9935737314 [0.992817833904-0.994329628987]
Solution 1012	0.9954495692 [0.994717539973-0.996181598439]
Solution 1013	0.9954453160 [0.994713252334-0.996177379573]
Solution 1014	0.9956018515 [0.994870562114-0.996333140880]
Solution 1015	0.9956018515 [0.994870562114-0.996333140880]
Solution 1016	0.9955975932 [0.994866271544-0.996328914777]
Solution 1017	0.9955975932 [0.994866271544-0.996328914777]
Solution 1018	0.9955857841 [0.994854279571-0.996317288644]
Solution 1019	0.9955857841 [0.994854279571-0.996317288644]
Solution 1020	0.9951590832 [0.994422923491-0.995895242835]
Solution 1021	0.9951533830 [0.994417145756-0.995889620268]
Solution 1022	0.9953466655 [0.994612754284-0.996080576747]
Solution 1023	0.9953466655 [0.994612754284-0.996080576747]
Solution 1024	0.9953409603 [0.994606974797-0.996074945764]
Solution 1025	0.9953409603 [0.994606974797-0.996074945764]
Solution 1026	0.9953243093 [0.994590118725-0.996058499776]
Solution 1027	0.9953243093 [0.994590118725-0.996058499776]
Solution 1028	0.9935162846 [0.992759716585-0.994272852573]
Solution 1029	0.9935057425 [0.992749021533-0.994262463371]
Solution 1030	0.9935993140 [0.992843838566-0.994354789434]
Solution 1031	0.9935993140 [0.992843838566-0.994354789434]
Solution 1032	0.9935887668 [0.992833141436-0.994344392142]
Solution 1033	0.9935887668 [0.992833141436-0.994344392142]
Solution 1034	0.9935737314 [0.992817833904-0.994329628987]
Solution 1035	0.9935737314 [0.992817833904-0.994329628987]
Solution 1036	0.9956018515 [0.994870562114-0.996333140880]
Solution 1037	0.9955975932 [0.994866271544-0.996328914777]
Solution 1038	0.9955857841 [0.994854279571-0.996317288644]
Solution 1039	0.9953466655 [0.994612754284-0.996080576747]
Solution 1040	0.9953409603 [0.994606974797-0.996074945764]
Solution 1041	0.9953243093 [0.994590118725-0.996058499776]
Solution 1042	0.9935993140 [0.992843838566-0.994354789434]
Solution 1043	0.9935887668 [0.992833141436-0.994344392142]
Solution 1044	0.9935737314 [0.992817833904-0.994329628987]
Solution 1045	0.9931934228 [0.992431174888-0.993955670665]
Solution 1046	0.9931934228 [0.992431174888-0.993955670665]
Solution 1047	0.9931934228 [0.992431174888-0.993955670665]
Solution 1048	0.9931999404 [0.992437901542-0.993961979319]
Solution 1049	0.9931999404 [0.992437901542-0.993961979319]
Solution 1050	0.9931999404 [0.992437901542-0.993961979319]
Solution 1051	0.9931745094 [0.992411913739-0.993937105018]
Solution 1052	0.9931745094 [0.992411913739-0.993937105018]
Solution 1053	0.9931745094 [0.992411913739-0.993937105018]
Solution 1054	0.9931810270 [0.992418640427-0.993943413638]
Solution 1055	0.9931810270 [0.992418640427-0.993943413638]
Solution 1056	0.9931810270 [0.992418640427-0.993943413638]
Solution 1057	0.9948201845 [0.994076849806-0.995563519143]
Solution 1058	0.9948201845 [0.994076849806-0.995563519143]
Solution 1059	0.9948085188 [0.994064996736-0.995552040841]
Solution 1060	0.9948085188 [0.994064996736-0.995552040841]
Solution 1061	0.9952690404 [0.994532809428-0.996005271288]
Solution 1062	0.9952690404 [0.994532809428-0.996005271288]
Solution 1063	0.9952690404 [0.994532809428-0.996005271288]
Solution 1064	0.9952573696 [0.994520954382-0.995993784795]
Solution 1065	0.9952573696 [0.994520954382-0.995993784795]
Solution 1066	0.9952573696 [0.994520954382-0.995993784795]
Solution 1067	0.9952384430 [0.994501724508-0.995975161436]
Solution 1068	0.9952384430 [0.994501724508-0.995975161436]
Solution 1069	0.9952384430 [0.994501724508-0.995975161436]
Solution 1070	0.9931851562 [0.992422201474-0.993948110998]
Solution 1071	0.9931851562 [0.992422201474-0.993948110998]
Solution 1072	0.9931686486 [0.992405442952-0.993931854195]
Solution 1073	0.9931686486 [0.992405442952-0.993931854195]
Solution 1074	0.9935294592 [0.992772040093-0.994286878283]
Solution 1075	0.9935294592 [0.992772040093-0.994286878283]
Solution 1076	0.9935294592 [0.992772040093-0.994286878283]
Solution 1077	0.9935129464 [0.992755278811-0.994270614073]
Solution 1078	0.9935129464 [0.992755278811-0.994270614073]
Solution 1079	0.9935129464 [0.992755278811-0.994270614073]
Solution 1080	0.9934956355 [0.992737599750-0.994253671275]
Solution 1081	0.9934956355 [0.992737599750-0.994253671275]
Solution 1082	0.9934956355 [0.992737599750-0.994253671275]
Solution 1083	0.9948201845 [0.994076849806-0.995563519143]
Solution 1084	0.9948085188 [0.994064996736-0.995552040841]
Solution 1085	0.9952690404 [0.994532809428-0.996005271288]
Solution 1086	0.9952690404 [0.994532809428-0.996005271288]
Solution 1087	0.9952573696 [0.994520954382-0.995993784795]
Solution 1088	0.9952573696 [0.994520954382-0.995993784795]
Solution 1089	0.9952384430 [0.994501724508-0.995975161436]
Solution 1090	0.9952384430 [0.994501724508-0.995975161436]
Solution 1091	0.9931851562 [0.992422201474-0.993948110998]
Solution 1092	0.9931686486 [0.992405442952-0.993931854195]
Solution 1093	0.9935294592 [0.992772040093-0.994286878283]
Solution 1094	0.9935294592 [0.992772040093-0.994286878283]
Solution 1095	0.9935129464 [0.992755278811-0.994270614073]
Solution 1096	0.9935129464 [0.992755278811-0.994270614073]
Solution 1097	0.9934956355 [0.992737599750-0.994253671275]
Solution 1098	0.9934956355 [0.992737599750-0.994253671275]
Solution 1099	0.9952690404 [0.994532809428-0.996005271288]
Solution 1100	0.9952573696 [0.994520954382-0.995993784795]
Solution 1101	0.9952384430 [0.994501724508-0.995975161436]
Solution 1102	0.9935294592 [0.992772040093-0.994286878283]
Solution 1103	0.9935129464 [0.992755278811-0.994270614073]
Solution 1104	0.9934956355 [0.992737599750-0.994253671275]
Solution 1105	0.9927899271 [0.992018289942-0.993561564300]
Solution 1106	0.9927899271 [0.992018289942-0.993561564300]
Solution 1107	0.9927711439 [0.991999161579-0.993543126166]
Solution 1108	0.9927711439 [0.991999161579-0.993543126166]
Solution 1109	0.9931845594 [0.992421978807-0.993947139947]
Solution 1110	0.9931845594 [0.992421978807-0.993947139947]
Solution 1111	0.9931845594 [0.992421978807-0.993947139947]
Solution 1112	0.9931657710 [0.992402846743-0.993928695347]
Solution 1113	0.9931657710 [0.992402846743-0.993928695347]
Solution 1114	0.9931657710 [0.992402846743-0.993928695347]
Solution 1115	0.9931406888 [0.992377294550-0.993904082956]
Solution 1116	0.9931406888 [0.992377294550-0.993904082956]
Solution 1117	0.9931406888 [0.992377294550-0.993904082956]
Solution 1118	0.9927899271 [0.992018289942-0.993561564300]
Solution 1119	0.9927711439 [0.991999161579-0.993543126166]
Solution 1120	0.9931845594 [0.992421978807-0.993947139947]
Solution 1121	0.9931845594 [0.992421978807-0.993947139947]
Solution 1122	0.9931657710 [0.992402846743-0.993928695347]
Solution 1123	0.9931657710 [0.992402846743-0.993928695347]
Solution 1124	0.9931406888 [0.992377294550-0.993904082956]
Solution 1125	0.9931406888 [0.992377294550-0.993904082956]
Solution 1126	0.9931845594 [0.992421978807-0.993947139947]
Solution 1127	0.9931657710 [0.992402846743-0.993928695347]
Solution 1128	0.9931406888 [0.992377294550-0.993904082956]
Solution 1129	0.9954866466 [0.994757121731-0.996216171518]
Solution 1130	0.9957739074 [0.995047493066-0.996500321723]
Solution 1131	0.9953451159 [0.994611504325-0.996078727516]
Solution 1132	0.9947525320 [0.994013149879-0.995491914200]
Solution 1133	0.9940375790 [0.993288674749-0.994786483152]
Solution 1134	0.9905682439 [0.989759002843-0.991377485019]
Solution 1135	0.9941304784 [0.993383583615-0.994877373180]
Solution 1136	0.9954875089 [0.994758025089-0.996216992643]
Solution 1137	0.9941365527 [0.993389806512-0.994883298947]
Solution 1138	0.9956157887 [0.994888394270-0.996343183134]
Solution 1139	0.9943550060 [0.993611497807-0.995098514164]
Solution 1140	0.9957782786 [0.995051897758-0.996504659431]
Solution 1141	0.9947622963 [0.994023022857-0.995501569781]
Solution 1142	0.9957782786 [0.995051897758-0.996504659431]
Solution 1143	0.9947622963 [0.994023022857-0.995501569781]
Solution 1144	0.9957782786 [0.995051897758-0.996504659431]
Solution 1145	0.9947622963 [0.994023022857-0.995501569781]
Solution 1146	0.9933721773 [0.992456534151-0.994287820484]
Solution 1147	0.9923606110 [0.991424104724-0.993297117237]
Solution 1148	0.9944280474 [0.993521548403-0.995334546462]
Solution 1149	0.9933681284 [0.992452191671-0.994284065211]
Solution 1150	0.9953608945 [0.994629641978-0.996092147103]
Solution 1151	0.9951206565 [0.994384697198-0.995856615717]
Solution 1152	0.9955574572 [0.994828721046-0.996286193401]
Solution 1153	0.9955315513 [0.994802416115-0.996260686542]
Solution 1154	0.9950172901 [0.994278243810-0.995756336442]
Solution 1155	0.9947001508 [0.993954752880-0.995445548808]
Solution 1156	0.9954711425 [0.994739332633-0.996202952445]
Solution 1157	0.9953616083 [0.994629844324-0.996093372337]
Solution 1158	0.9955574572 [0.994828721046-0.996286193401]
Solution 1159	0.9955315513 [0.994802416115-0.996260686542]
Solution 1160	0.9955574572 [0.994828721046-0.996286193401]
Solution 1161	0.9955315513 [0.994802416115-0.996260686542]
Solution 1162	0.9941647271 [0.993256405245-0.995073048942]
Solution 1163	0.9941056198 [0.993196317942-0.995014921660]
Solution 1164	0.9954711425 [0.994739332633-0.996202952445]
Solution 1165	0.9953616083 [0.994629844324-0.996093372337]
Solution 1166	0.9954711425 [0.994739332633-0.996202952445]
Solution 1167	0.9953616083 [0.994629844324-0.996093372337]
Solution 1168	0.9957739074 [0.995047493066-0.996500321723]
Solution 1169	0.9947525320 [0.994013149879-0.995491914200]
Solution 1170	0.9953451159 [0.994611504325-0.996078727516]
Solution 1171	0.9940375790 [0.993288674749-0.994786483152]
Solution 1172	0.9905682439 [0.989759002843-0.991377485019]
Solution 1173	0.9957739074 [0.995047493066-0.996500321723]
Solution 1174	0.9947525320 [0.994013149879-0.995491914200]
Solution 1175	0.9957739074 [0.995047493066-0.996500321723]
Solution 1176	0.9947525320 [0.994013149879-0.995491914200]
Solution 1177	0.9953451159 [0.994611504325-0.996078727516]
Solution 1178	0.9953451159 [0.994611504325-0.996078727516]
Solution 1179	0.9940375790 [0.993288674749-0.994786483152]
Solution 1180	0.9940375790 [0.993288674749-0.994786483152]
Solution 1181	0.9905682439 [0.989759002843-0.991377485019]
Solution 1182	0.9905682439 [0.989759002843-0.991377485019]
Solution 1183	0.9933718143 [0.992456167437-0.994287461207]
Solution 1184	0.9923544594 [0.991417908259-0.993291010487]
Solution 1185	0.9932073061 [0.992288287820-0.994126324363]
Solution 1186	0.9918985276 [0.990957316412-0.992839738818]
Solution 1187	0.9894398906 [0.988473719426-0.990406061753]
Solution 1188	0.9944239111 [0.993517389415-0.995330432808]
Solution 1189	0.9933583642 [0.992442349136-0.994274379187]
Solution 1190	0.9940071137 [0.993095150857-0.994919076639]
Solution 1191	0.9927289428 [0.991806443806-0.993651441845]
Solution 1192	0.9892501181 [0.988280452321-0.990219783801]
Solution 1193	0.9955520194 [0.994823214133-0.996280824678]
Solution 1194	0.9955214068 [0.994792097278-0.996250716258]
Solution 1195	0.9936798919 [0.992926729742-0.994433054117]
Solution 1196	0.9934462844 [0.992689707212-0.994202861518]
Solution 1197	0.9899375465 [0.989127421405-0.990747671630]
Solution 1198	0.9954597392 [0.994727748256-0.996191730117]
Solution 1199	0.9953457331 [0.994613634562-0.996077831667]
Solution 1200	0.9932397551 [0.992478167224-0.994001342896]
Solution 1201	0.9930117917 [0.992244906294-0.993778677152]
Solution 1202	0.9895986275 [0.988778928110-0.990418326877]
Solution 1203	0.9955520194 [0.994823214133-0.996280824678]
Solution 1204	0.9955214068 [0.994792097278-0.996250716258]
Solution 1205	0.9955520194 [0.994823214133-0.996280824678]
Solution 1206	0.9955214068 [0.994792097278-0.996250716258]
Solution 1207	0.9936798919 [0.992926729742-0.994433054117]
Solution 1208	0.9936798919 [0.992926729742-0.994433054117]
Solution 1209	0.9934462844 [0.992689707212-0.994202861518]
Solution 1210	0.9934462844 [0.992689707212-0.994202861518]
Solution 1211	0.9899375465 [0.989127421405-0.990747671630]
Solution 1212	0.9941595242 [0.993251152384-0.995067895926]
Solution 1213	0.9940954752 [0.993186043178-0.995004907302]
Solution 1214	0.9923311544 [0.991404597449-0.993257711429]
Solution 1215	0.9921376482 [0.991208511935-0.993066784545]
Solution 1216	0.9886301560 [0.987661064194-0.989599247739]
Solution 1217	0.9899375465 [0.989127421405-0.990747671630]
Solution 1218	0.9954597392 [0.994727748256-0.996191730117]
Solution 1219	0.9953457331 [0.994613634562-0.996077831667]
Solution 1220	0.9932397551 [0.992478167224-0.994001342896]
Solution 1221	0.9930117917 [0.992244906294-0.993778677152]
Solution 1222	0.9895986275 [0.988778928110-0.990418326877]
Solution 1223	0.9954597392 [0.994727748256-0.996191730117]
Solution 1224	0.9953457331 [0.994613634562-0.996077831667]
Solution 1225	0.9932397551 [0.992478167224-0.994001342896]
Solution 1226	0.9930117917 [0.992244906294-0.993778677152]
Solution 1227	0.9895986275 [0.988778928110-0.990418326877]
Solution 1228	0.9954866466 [0.994757121731-0.996216171518]
Solution 1229	0.9941304784 [0.993383583615-0.994877373180]
Solution 1230	0.9954866466 [0.994757121731-0.996216171518]
Solution 1231	0.9941304784 [0.993383583615-0.994877373180]
Solution 1232	0.9954866466 [0.994757121731-0.996216171518]
Solution 1233	0.9941304784 [0.993383583615-0.994877373180]
Solution 1234	0.9933138092 [0.992397270674-0.994230347795]
Solution 1235	0.9919906441 [0.991051125557-0.992930162704]
Solution 1236	0.9941469698 [0.993238189201-0.995055750381]
Solution 1237	0.9928237660 [0.991902849916-0.993744682181]
Solution 1238	0.9954875089 [0.994758025089-0.996216992643]
Solution 1239	0.9941365527 [0.993389806512-0.994883298947]
Solution 1240	0.9956157887 [0.994888394270-0.996343183134]
Solution 1241	0.9943550060 [0.993611497807-0.995098514164]
Solution 1242	0.9957782786 [0.995051897758-0.996504659431]
Solution 1243	0.9947622963 [0.994023022857-0.995501569781]
Solution 1244	0.9957739074 [0.995047493066-0.996500321723]
Solution 1245	0.9947525320 [0.994013149879-0.995491914200]
Solution 1246	0.9954875089 [0.994758025089-0.996216992643]
Solution 1247	0.9941365527 [0.993389806512-0.994883298947]
Solution 1248	0.9954875089 [0.994758025089-0.996216992643]
Solution 1249	0.9941365527 [0.993389806512-0.994883298947]
Solution 1250	0.9933142282 [0.992397702672-0.994230753636]
Solution 1251	0.9919910630 [0.991051554975-0.992930571125]
Solution 1252	0.9941478320 [0.993239083876-0.995056580190]
Solution 1253	0.9928298404 [0.991909041494-0.993750639265]
Solution 1254	0.9956157887 [0.994888394270-0.996343183134]
Solution 1255	0.9943550060 [0.993611497807-0.995098514164]
Solution 1256	0.9957782786 [0.995051897758-0.996504659431]
Solution 1257	0.9957782786 [0.995051897758-0.996504659431]
Solution 1258	0.9947622963 [0.994023022857-0.995501569781]
Solution 1259	0.9947622963 [0.994023022857-0.995501569781]
Solution 1260	0.9957739074 [0.995047493066-0.996500321723]
Solution 1261	0.9957739074 [0.995047493066-0.996500321723]
Solution 1262	0.9947525320 [0.994013149879-0.995491914200]
Solution 1263	0.9947525320 [0.994013149879-0.995491914200]
Solution 1264	0.9956157887 [0.994888394270-0.996343183134]
Solution 1265	0.9943550060 [0.993611497807-0.995098514164]
Solution 1266	0.9957782786 [0.995051897758-0.996504659431]
Solution 1267	0.9957782786 [0.995051897758-0.996504659431]
Solution 1268	0.9947622963 [0.994023022857-0.995501569781]
Solution 1269	0.9947622963 [0.994023022857-0.995501569781]
Solution 1270	0.9957739074 [0.995047493066-0.996500321723]
Solution 1271	0.9957739074 [0.995047493066-0.996500321723]
Solution 1272	0.9947525320 [0.994013149879-0.995491914200]
Solution 1273	0.9947525320 [0.994013149879-0.995491914200]
Solution 1274	0.9957782786 [0.995051897758-0.996504659431]
Solution 1275	0.9947622963 [0.994023022857-0.995501569781]
Solution 1276	0.9957739074 [0.995047493066-0.996500321723]
Solution 1277	0.9947525320 [0.994013149879-0.995491914200]
Solution 1278	0.9933727498 [0.992457091150-0.994288408395]
Solution 1279	0.9921058622 [0.991167538778-0.993044185664]
Solution 1280	0.9933721773 [0.992456534151-0.994287820484]
Solution 1281	0.9933721773 [0.992456534151-0.994287820484]
Solution 1282	0.9923606110 [0.991424104724-0.993297117237]
Solution 1283	0.9923606110 [0.991424104724-0.993297117237]
Solution 1284	0.9933718143 [0.992456167437-0.994287461207]
Solution 1285	0.9933718143 [0.992456167437-0.994287461207]
Solution 1286	0.9923544594 [0.991417908259-0.993291010487]
Solution 1287	0.9923544594 [0.991417908259-0.993291010487]
Solution 1288	0.9933721773 [0.992456534151-0.994287820484]
Solution 1289	0.9923606110 [0.991424104724-0.993297117237]
Solution 1290	0.9933718143 [0.992456167437-0.994287461207]
Solution 1291	0.9923544594 [0.991417908259-0.993291010487]
Solution 1292	0.9942698332 [0.993362553428-0.995177112894]
Solution 1293	0.9929551664 [0.992036045821-0.993874287033]
Solution 1294	0.9944280474 [0.993521548403-0.995334546462]
Solution 1295	0.9944280474 [0.993521548403-0.995334546462]
Solution 1296	0.9933681284 [0.992452191671-0.994284065211]
Solution 1297	0.9933681284 [0.992452191671-0.994284065211]
Solution 1298	0.9944239111 [0.993517389415-0.995330432808]
Solution 1299	0.9944239111 [0.993517389415-0.995330432808]
Solution 1300	0.9933583642 [0.992442349136-0.994274379187]
Solution 1301	0.9933583642 [0.992442349136-0.994274379187]
Solution 1302	0.9944280474 [0.993521548403-0.995334546462]
Solution 1303	0.9933681284 [0.992452191671-0.994284065211]
Solution 1304	0.9944239111 [0.993517389415-0.995330432808]
Solution 1305	0.9933583642 [0.992442349136-0.994274379187]
Solution 1306	0.9937909483 [0.993041132204-0.994540764356]
Solution 1307	0.9935095758 [0.992755408610-0.994263742925]
Solution 1308	0.9933501779 [0.992591917285-0.994108438610]
Solution 1309	0.9930748482 [0.992310278974-0.993839417519]
Solution 1310	0.9937909483 [0.993041132204-0.994540764356]
Solution 1311	0.9935095758 [0.992755408610-0.994263742925]
Solution 1312	0.9937909483 [0.993041132204-0.994540764356]
Solution 1313	0.9935095758 [0.992755408610-0.994263742925]
Solution 1314	0.9924087725 [0.991484551450-0.993332993507]
Solution 1315	0.9921710998 [0.991243611007-0.993098588530]
Solution 1316	0.9933501779 [0.992591917285-0.994108438610]
Solution 1317	0.9930748482 [0.992310278974-0.993839417519]
Solution 1318	0.9933501779 [0.992591917285-0.994108438610]
Solution 1319	0.9930748482 [0.992310278974-0.993839417519]
Solution 1320	0.9937970470 [0.993047422327-0.994546671701]
Solution 1321	0.9935156745 [0.992761703287-0.994269645717]
Solution 1322	0.9953608945 [0.994629641978-0.996092147103]
Solution 1323	0.9951206565 [0.994384697198-0.995856615717]
Solution 1324	0.9955574572 [0.994828721046-0.996286193401]
Solution 1325	0.9955520194 [0.994823214133-0.996280824678]
Solution 1326	0.9955315513 [0.994802416115-0.996260686542]
Solution 1327	0.9955214068 [0.994792097278-0.996250716258]
Solution 1328	0.9937446943 [0.992993343441-0.994496045137]
Solution 1329	0.9935296453 [0.992774101341-0.994285189182]
Solution 1330	0.9937811921 [0.993030455638-0.994531928631]
Solution 1331	0.9937791474 [0.993028370575-0.994529924146]
Solution 1332	0.9938090625 [0.993057948800-0.994560176155]
Solution 1333	0.9938014640 [0.993050222340-0.994552705601]
Solution 1334	0.9933562767 [0.992598202891-0.994114350473]
Solution 1335	0.9930890112 [0.992324778425-0.993853243934]
Solution 1336	0.9950172901 [0.994278243810-0.995756336442]
Solution 1337	0.9947001508 [0.993954752880-0.995445548808]
Solution 1338	0.9954711425 [0.994739332633-0.996202952445]
Solution 1339	0.9954597392 [0.994727748256-0.996191730117]
Solution 1340	0.9953616083 [0.994629844324-0.996093372337]
Solution 1341	0.9953457331 [0.994613634562-0.996077831667]
Solution 1342	0.9934435888 [0.992685273169-0.994201904516]
Solution 1343	0.9929332840 [0.992164324864-0.993702243113]
Solution 1344	0.9931409033 [0.992377264822-0.993904541772]
Solution 1345	0.9926219587 [0.991842162789-0.993401754688]
Solution 1346	0.9937373764 [0.992983986878-0.994490765957]
Solution 1347	0.9932756835 [0.992515311017-0.994036055985]
Solution 1348	0.9937293661 [0.992975834757-0.994482897461]
Solution 1349	0.9932659457 [0.992505337543-0.994026553773]
Solution 1350	0.9936708831 [0.992918112463-0.994423653794]
Solution 1351	0.9931574242 [0.992393636146-0.993921212208]
Solution 1352	0.9936575540 [0.992904504835-0.994410603099]
Solution 1353	0.9931435470 [0.992379356444-0.993907737482]
Solution 1354	0.9937970470 [0.993047422327-0.994546671701]
Solution 1355	0.9935156745 [0.992761703287-0.994269645717]
Solution 1356	0.9937970470 [0.993047422327-0.994546671701]
Solution 1357	0.9935156745 [0.992761703287-0.994269645717]
Solution 1358	0.9924148712 [0.991490801982-0.993338940444]
Solution 1359	0.9921771985 [0.991249865091-0.993104531916]
Solution 1360	0.9953608945 [0.994629641978-0.996092147103]
Solution 1361	0.9951206565 [0.994384697198-0.995856615717]
Solution 1362	0.9955574572 [0.994828721046-0.996286193401]
Solution 1363	0.9955315513 [0.994802416115-0.996260686542]
Solution 1364	0.9955520194 [0.994823214133-0.996280824678]
Solution 1365	0.9955214068 [0.994792097278-0.996250716258]
Solution 1366	0.9955574572 [0.994828721046-0.996286193401]
Solution 1367	0.9955315513 [0.994802416115-0.996260686542]
Solution 1368	0.9955520194 [0.994823214133-0.996280824678]
Solution 1369	0.9955214068 [0.994792097278-0.996250716258]
Solution 1370	0.9953608945 [0.994629641978-0.996092147103]
Solution 1371	0.9951206565 [0.994384697198-0.995856615717]
Solution 1372	0.9955574572 [0.994828721046-0.996286193401]
Solution 1373	0.9955315513 [0.994802416115-0.996260686542]
Solution 1374	0.9955520194 [0.994823214133-0.996280824678]
Solution 1375	0.9955214068 [0.994792097278-0.996250716258]
Solution 1376	0.9955574572 [0.994828721046-0.996286193401]
Solution 1377	0.9955315513 [0.994802416115-0.996260686542]
Solution 1378	0.9955520194 [0.994823214133-0.996280824678]
Solution 1379	0.9955214068 [0.994792097278-0.996250716258]
Solution 1380	0.9955574572 [0.994828721046-0.996286193401]
Solution 1381	0.9955315513 [0.994802416115-0.996260686542]
Solution 1382	0.9955520194 [0.994823214133-0.996280824678]
Solution 1383	0.9955214068 [0.994792097278-0.996250716258]
Solution 1384	0.9937446943 [0.992993343441-0.994496045137]
Solution 1385	0.9935296453 [0.992774101341-0.994285189182]
Solution 1386	0.9937811921 [0.993030455638-0.994531928631]
Solution 1387	0.9938090625 [0.993057948800-0.994560176155]
Solution 1388	0.9937791474 [0.993028370575-0.994529924146]
Solution 1389	0.9938014640 [0.993050222340-0.994552705601]
Solution 1390	0.9937811921 [0.993030455638-0.994531928631]
Solution 1391	0.9938090625 [0.993057948800-0.994560176155]
Solution 1392	0.9937791474 [0.993028370575-0.994529924146]
Solution 1393	0.9938014640 [0.993050222340-0.994552705601]
Solution 1394	0.9937446943 [0.992993343441-0.994496045137]
Solution 1395	0.9935296453 [0.992774101341-0.994285189182]
Solution 1396	0.9937811921 [0.993030455638-0.994531928631]
Solution 1397	0.9938090625 [0.993057948800-0.994560176155]
Solution 1398	0.9937791474 [0.993028370575-0.994529924146]
Solution 1399	0.9938014640 [0.993050222340-0.994552705601]
Solution 1400	0.9937811921 [0.993030455638-0.994531928631]
Solution 1401	0.9938090625 [0.993057948800-0.994560176155]
Solution 1402	0.9937791474 [0.993028370575-0.994529924146]
Solution 1403	0.9938014640 [0.993050222340-0.994552705601]
Solution 1404	0.9937811921 [0.993030455638-0.994531928631]
Solution 1405	0.9938090625 [0.993057948800-0.994560176155]
Solution 1406	0.9937791474 [0.993028370575-0.994529924146]
Solution 1407	0.9938014640 [0.993050222340-0.994552705601]
Solution 1408	0.9939724400 [0.993062183963-0.994882696101]
Solution 1409	0.9936890532 [0.992774497999-0.994603608500]
Solution 1410	0.9941647271 [0.993256405245-0.995073048942]
Solution 1411	0.9941056198 [0.993196317942-0.995014921660]
Solution 1412	0.9941595242 [0.993251152384-0.995067895926]
Solution 1413	0.9940954752 [0.993186043178-0.995004907302]
Solution 1414	0.9941647271 [0.993256405245-0.995073048942]
Solution 1415	0.9941056198 [0.993196317942-0.995014921660]
Solution 1416	0.9941595242 [0.993251152384-0.995067895926]
Solution 1417	0.9940954752 [0.993186043178-0.995004907302]
Solution 1418	0.9941647271 [0.993256405245-0.995073048942]
Solution 1419	0.9941056198 [0.993196317942-0.995014921660]
Solution 1420	0.9941595242 [0.993251152384-0.995067895926]
Solution 1421	0.9940954752 [0.993186043178-0.995004907302]
Solution 1422	0.9923577223 [0.991432011945-0.993283432589]
Solution 1423	0.9920887892 [0.991159276765-0.993018301678]
Solution 1424	0.9923899445 [0.991464741120-0.993315147862]
Solution 1425	0.9923738781 [0.991447867259-0.993299888977]
Solution 1426	0.9923881346 [0.991462901865-0.993313367328]
Solution 1427	0.9923662796 [0.991440171570-0.993292387653]
Solution 1428	0.9923899445 [0.991464741120-0.993315147862]
Solution 1429	0.9923738781 [0.991447867259-0.993299888977]
Solution 1430	0.9923881346 [0.991462901865-0.993313367328]
Solution 1431	0.9923662796 [0.991440171570-0.993292387653]
Solution 1432	0.9923899445 [0.991464741120-0.993315147862]
Solution 1433	0.9923738781 [0.991447867259-0.993299888977]
Solution 1434	0.9923881346 [0.991462901865-0.993313367328]
Solution 1435	0.9923662796 [0.991440171570-0.993292387653]
Solution 1436	0.9933562767 [0.992598202891-0.994114350473]
Solution 1437	0.9933562767 [0.992598202891-0.994114350473]
Solution 1438	0.9930890112 [0.992324778425-0.993853243934]
Solution 1439	0.9930890112 [0.992324778425-0.993853243934]
Solution 1440	0.9950172901 [0.994278243810-0.995756336442]
Solution 1441	0.9950172901 [0.994278243810-0.995756336442]
Solution 1442	0.9934435888 [0.992685273169-0.994201904516]
Solution 1443	0.9934435888 [0.992685273169-0.994201904516]
Solution 1444	0.9929332840 [0.992164324864-0.993702243113]
Solution 1445	0.9929332840 [0.992164324864-0.993702243113]
Solution 1446	0.9947001508 [0.993954752880-0.995445548808]
Solution 1447	0.9947001508 [0.993954752880-0.995445548808]
Solution 1448	0.9931409033 [0.992377264822-0.993904541772]
Solution 1449	0.9931409033 [0.992377264822-0.993904541772]
Solution 1450	0.9926219587 [0.991842162789-0.993401754688]
Solution 1451	0.9926219587 [0.991842162789-0.993401754688]
Solution 1452	0.9954711425 [0.994739332633-0.996202952445]
Solution 1453	0.9954711425 [0.994739332633-0.996202952445]
Solution 1454	0.9937373764 [0.992983986878-0.994490765957]
Solution 1455	0.9937373764 [0.992983986878-0.994490765957]
Solution 1456	0.9932756835 [0.992515311017-0.994036055985]
Solution 1457	0.9932756835 [0.992515311017-0.994036055985]
Solution 1458	0.9954597392 [0.994727748256-0.996191730117]
Solution 1459	0.9954597392 [0.994727748256-0.996191730117]
Solution 1460	0.9937293661 [0.992975834757-0.994482897461]
Solution 1461	0.9937293661 [0.992975834757-0.994482897461]
Solution 1462	0.9932659457 [0.992505337543-0.994026553773]
Solution 1463	0.9932659457 [0.992505337543-0.994026553773]
Solution 1464	0.9953616083 [0.994629844324-0.996093372337]
Solution 1465	0.9953616083 [0.994629844324-0.996093372337]
Solution 1466	0.9936708831 [0.992918112463-0.994423653794]
Solution 1467	0.9936708831 [0.992918112463-0.994423653794]
Solution 1468	0.9931574242 [0.992393636146-0.993921212208]
Solution 1469	0.9931574242 [0.992393636146-0.993921212208]
Solution 1470	0.9953457331 [0.994613634562-0.996077831667]
Solution 1471	0.9953457331 [0.994613634562-0.996077831667]
Solution 1472	0.9936575540 [0.992904504835-0.994410603099]
Solution 1473	0.9936575540 [0.992904504835-0.994410603099]
Solution 1474	0.9931435470 [0.992379356444-0.993907737482]
Solution 1475	0.9931435470 [0.992379356444-0.993907737482]
Solution 1476	0.9954711425 [0.994739332633-0.996202952445]
Solution 1477	0.9937373764 [0.992983986878-0.994490765957]
Solution 1478	0.9932756835 [0.992515311017-0.994036055985]
Solution 1479	0.9954597392 [0.994727748256-0.996191730117]
Solution 1480	0.9937293661 [0.992975834757-0.994482897461]
Solution 1481	0.9932659457 [0.992505337543-0.994026553773]
Solution 1482	0.9953616083 [0.994629844324-0.996093372337]
Solution 1483	0.9936708831 [0.992918112463-0.994423653794]
Solution 1484	0.9931574242 [0.992393636146-0.993921212208]
Solution 1485	0.9953457331 [0.994613634562-0.996077831667]
Solution 1486	0.9936575540 [0.992904504835-0.994410603099]
Solution 1487	0.9931435470 [0.992379356444-0.993907737482]
Solution 1488	0.9954711425 [0.994739332633-0.996202952445]
Solution 1489	0.9937373764 [0.992983986878-0.994490765957]
Solution 1490	0.9932756835 [0.992515311017-0.994036055985]
Solution 1491	0.9954597392 [0.994727748256-0.996191730117]
Solution 1492	0.9937293661 [0.992975834757-0.994482897461]
Solution 1493	0.9932659457 [0.992505337543-0.994026553773]
Solution 1494	0.9953616083 [0.994629844324-0.996093372337]
Solution 1495	0.9936708831 [0.992918112463-0.994423653794]
Solution 1496	0.9931574242 [0.992393636146-0.993921212208]
Solution 1497	0.9953457331 [0.994613634562-0.996077831667]
Solution 1498	0.9936575540 [0.992904504835-0.994410603099]
Solution 1499	0.9931435470 [0.992379356444-0.993907737482]
Solution 1500	0.9954711425 [0.994739332633-0.996202952445]
Solution 1501	0.9954597392 [0.994727748256-0.996191730117]
Solution 1502	0.9953616083 [0.994629844324-0.996093372337]
Solution 1503	0.9953457331 [0.994613634562-0.996077831667]
Solution 1504	0.9937373764 [0.992983986878-0.994490765957]
Solution 1505	0.9937293661 [0.992975834757-0.994482897461]
Solution 1506	0.9936708831 [0.992918112463-0.994423653794]
Solution 1507	0.9936575540 [0.992904504835-0.994410603099]
Solution 1508	0.9932756835 [0.992515311017-0.994036055985]
Solution 1509	0.9931574242 [0.992393636146-0.993921212208]
Solution 1510	0.9932659457 [0.992505337543-0.994026553773]
Solution 1511	0.9931435470 [0.992379356444-0.993907737482]
